order_id,customer_id,product_id,order_date,quantity,status,discount_pct,total_usd
1,397,13,2024-06-19,1,completed,0.0,3500.0
2,188,18,2024-04-12,1,completed,5.0,3800.0
3,441,15,2024-06-20,2,completed,10.0,10800.0
4,86,10,2024-02-27,3,pending,15.0,20400.0
5,476,16,2024-07-04,1,completed,5.0,2850.0
6,52,12,2024-12-27,2,completed,5.0,8550.0
7,111,20,2024-08-03,1,completed,0.0,2000.0
8,437,5,2024-01-09,1,completed,20.0,12000.0
9,365,2,2024-07-08,2,completed,5.0,6650.0
10,342,10,2024-01-13,1,completed,0.0,8000.0
11,43,1,2025-03-10,1,cancelled,10.0,4500.0
12,211,7,2024-02-27,1,pending,10.0,10800.0
13,456,17,2024-11-14,1,cancelled,15.0,1700.0
14,500,16,2025-03-13,2,pending,20.0,4800.0
15,200,3,2025-01-06,2,completed,0.0,5000.0
16,298,14,2024-11-10,1,cancelled,0.0,12000.0
17,346,10,2025-01-12,1,pending,10.0,7200.0
18,240,7,2025-03-17,2,completed,20.0,19200.0
19,115,17,2024-10-06,3,completed,15.0,5100.0
20,26,6,2024-09-08,3,pending,0.0,12000.0
21,407,4,2024-10-09,1,completed,10.0,7200.0
22,299,17,2024-08-27,1,pending,10.0,1800.0
23,77,9,2024-10-12,2,cancelled,15.0,17000.0
24,412,4,2024-07-21,1,completed,15.0,6800.0
25,137,7,2024-04-08,1,completed,0.0,12000.0
26,20,2,2024-02-24,2,completed,5.0,6650.0
27,440,17,2024-01-31,1,pending,5.0,1900.0
28,211,8,2024-04-28,2,completed,,6000.0
29,240,15,2024-01-21,2,pending,5.0,11400.0
30,39,15,2024-09-12,3,completed,0.0,18000.0
31,435,8,2024-05-07,1,completed,20.0,2400.0
32,268,16,2025-01-06,1,cancelled,10.0,2700.0
33,207,19,2024-02-03,1,cancelled,0.0,5000.0
34,479,11,2024-04-11,1,completed,0.0,5000.0
35,439,2,2024-11-24,3,pending,10.0,9450.0
36,462,17,2024-09-26,2,completed,15.0,3400.0
37,267,16,2024-01-30,1,cancelled,0.0,3000.0
38,154,15,2025-01-29,1,refunded,0.0,6000.0
39,42,13,2025-01-29,1,completed,5.0,3325.0
40,411,15,2024-05-28,1,completed,15.0,5100.0
41,11,4,2024-06-02,3,refunded,0.0,24000.0
42,294,16,2025-03-21,3,refunded,20.0,7200.0
43,98,12,2024-10-08,3,completed,0.0,13500.0
44,427,4,2024-08-27,1,completed,5.0,7600.0
45,275,3,2025-01-12,1,completed,10.0,2250.0
46,448,17,2024-05-08,3,completed,15.0,5100.0
47,390,18,2024-07-12,1,pending,0.0,4000.0
48,430,18,2024-04-30,1,completed,0.0,4000.0
49,372,17,2024-12-21,2,completed,0.0,4000.0
50,230,12,2024-09-15,1,completed,0.0,4500.0
51,369,4,2024-10-23,2,completed,5.0,15200.0
52,426,12,2024-04-23,1,completed,10.0,4050.0
53,220,20,2024-04-09,2,completed,0.0,4000.0
54,65,15,2024-08-07,2,completed,20.0,9600.0
55,355,16,2024-11-27,2,completed,0.0,6000.0
56,232,5,2024-08-24,1,cancelled,0.0,15000.0
57,328,15,2024-01-15,3,completed,10.0,16200.0
58,443,17,2025-01-25,2,cancelled,0.0,4000.0
59,52,18,2024-01-30,1,completed,5.0,3800.0
60,374,5,2025-03-06,1,pending,0.0,15000.0
61,431,13,2024-01-12,3,completed,,10500.0
62,376,19,2024-11-08,1,completed,15.0,4250.0
63,263,13,2024-02-06,1,completed,0.0,3500.0
64,267,18,2025-02-13,2,refunded,10.0,7200.0
65,359,14,2024-07-27,1,completed,0.0,12000.0
66,317,4,2024-03-02,2,completed,0.0,16000.0
67,324,4,2024-06-02,2,completed,0.0,16000.0
68,409,20,2024-03-15,2,refunded,15.0,3400.0
69,396,20,2024-03-17,1,cancelled,0.0,2000.0
70,154,19,2025-03-02,1,refunded,15.0,4250.0
71,358,13,2024-07-19,1,cancelled,0.0,3500.0
72,366,12,2024-12-20,1,refunded,20.0,3600.0
73,140,7,2024-10-14,1,refunded,0.0,12000.0
74,427,12,2024-10-31,1,completed,15.0,3825.0
75,51,4,2024-02-29,3,cancelled,15.0,20400.0
76,117,2,2024-04-15,1,completed,20.0,2800.0
77,421,2,2024-12-20,3,pending,20.0,8400.0
78,46,5,2025-03-12,1,completed,20.0,12000.0
79,309,10,2024-04-28,1,completed,0.0,8000.0
80,88,10,2024-05-02,2,completed,0.0,16000.0
81,208,9,2024-07-31,2,completed,0.0,20000.0
82,377,13,2025-03-18,2,completed,10.0,6300.0
83,269,7,2024-05-01,3,completed,0.0,36000.0
84,89,5,2024-07-02,3,completed,10.0,40500.0
85,381,10,2025-02-05,2,refunded,10.0,14400.0
86,118,10,2024-01-02,1,refunded,10.0,7200.0
87,54,6,2024-01-18,1,completed,5.0,3800.0
88,441,19,2024-09-28,1,completed,10.0,4500.0
89,116,8,2025-02-12,2,cancelled,15.0,5100.0
90,118,1,2024-04-17,1,completed,0.0,5000.0
91,260,17,2024-07-30,1,completed,15.0,1700.0
92,75,7,2024-07-21,3,completed,15.0,30600.0
93,480,14,2024-07-31,2,completed,0.0,24000.0
94,305,17,2024-10-07,1,pending,5.0,1900.0
95,7,9,2024-07-30,3,completed,10.0,27000.0
96,366,17,2024-07-20,1,refunded,0.0,2000.0
97,122,5,2024-08-01,1,refunded,0.0,15000.0
98,11,20,2024-09-22,1,completed,0.0,2000.0
99,348,8,2024-08-29,3,completed,0.0,9000.0
100,438,6,2025-01-19,1,completed,0.0,4000.0
101,489,11,2024-01-23,1,pending,0.0,5000.0
102,215,19,2025-01-09,1,pending,0.0,5000.0
103,429,4,2025-01-14,1,completed,5.0,7600.0
104,279,18,2024-05-08,1,completed,0.0,4000.0
105,498,1,2024-07-27,2,completed,0.0,10000.0
106,28,13,2024-07-16,2,refunded,10.0,6300.0
107,235,14,2024-04-08,1,completed,15.0,10200.0
108,367,1,2024-06-27,1,pending,0.0,5000.0
109,313,11,2024-01-20,1,pending,0.0,5000.0
110,26,17,2024-05-05,1,completed,0.0,2000.0
111,409,4,2025-01-02,2,completed,20.0,12800.0
112,54,12,2024-05-08,2,completed,20.0,7200.0
113,29,10,2025-01-03,1,refunded,0.0,8000.0
114,467,6,2024-08-27,1,completed,0.0,4000.0
115,353,1,2025-01-30,2,cancelled,,9500.0
116,164,7,2024-09-15,2,completed,10.0,21600.0
117,270,16,2024-01-14,3,completed,0.0,9000.0
118,334,14,2024-10-30,1,pending,0.0,12000.0
119,35,20,2024-01-21,1,completed,,1900.0
120,286,20,2024-07-21,1,cancelled,0.0,2000.0
121,348,6,2025-02-22,1,completed,5.0,3800.0
122,273,5,2024-03-15,3,completed,15.0,38250.0
123,451,18,2024-06-24,3,cancelled,0.0,12000.0
124,208,15,2024-11-24,1,pending,0.0,6000.0
125,238,6,2025-02-01,2,pending,0.0,8000.0
126,414,19,2024-10-28,2,completed,,10000.0
127,500,1,2024-04-26,1,cancelled,20.0,4000.0
128,93,1,2024-10-30,1,completed,0.0,5000.0
129,173,13,2024-05-13,1,completed,0.0,3500.0
130,79,3,2024-11-19,1,completed,15.0,2125.0
131,110,10,2025-03-05,2,completed,10.0,14400.0
132,217,3,2024-11-20,1,pending,5.0,2375.0
133,435,9,2025-01-23,3,pending,5.0,28500.0
134,358,8,2024-01-01,1,completed,0.0,3000.0
135,106,3,2024-11-18,1,pending,0.0,2500.0
136,47,13,2025-01-08,3,completed,20.0,8400.0
137,181,6,2024-01-19,3,cancelled,0.0,12000.0
138,64,13,2025-01-27,2,completed,15.0,5950.0
139,246,20,2024-04-25,2,completed,10.0,3600.0
140,244,20,2024-10-26,1,refunded,0.0,2000.0
141,422,12,2024-12-26,1,completed,5.0,4275.0
142,320,13,2024-10-25,1,completed,20.0,2800.0
143,87,2,2024-02-11,1,refunded,0.0,3500.0
144,217,16,2024-09-25,2,completed,20.0,4800.0
145,490,6,2024-09-04,1,completed,10.0,3600.0
146,7,19,2025-02-09,1,refunded,5.0,4750.0
147,278,13,2024-06-30,2,pending,20.0,5600.0
148,337,17,2024-05-24,1,pending,0.0,2000.0
149,210,9,2024-12-03,2,completed,5.0,19000.0
150,497,17,2024-07-04,3,completed,0.0,6000.0
151,169,2,2024-10-17,1,completed,0.0,3500.0
152,330,19,2024-10-17,1,completed,15.0,4250.0
153,138,19,2025-02-03,3,completed,0.0,15000.0
154,441,7,2024-09-26,1,completed,0.0,12000.0
155,391,10,2024-08-13,1,completed,10.0,7200.0
156,496,10,2024-03-03,1,refunded,5.0,7600.0
157,381,20,2024-02-22,1,completed,20.0,1600.0
158,306,9,2024-03-10,3,pending,0.0,30000.0
159,230,17,2024-03-18,1,completed,0.0,2000.0
160,475,15,2024-10-14,2,pending,0.0,12000.0
161,308,2,2024-11-29,1,completed,0.0,3500.0
162,161,4,2024-08-26,2,pending,20.0,12800.0
163,1,19,2025-01-08,1,cancelled,20.0,4000.0
164,236,17,2025-03-22,1,completed,0.0,2000.0
165,437,5,2025-01-04,2,refunded,20.0,24000.0
166,188,7,2024-11-08,3,pending,0.0,36000.0
167,418,18,2024-08-27,1,completed,20.0,3200.0
168,4,7,2024-07-20,2,refunded,5.0,22800.0
169,401,17,2024-02-07,1,completed,20.0,1600.0
170,132,7,2024-06-28,3,completed,0.0,36000.0
171,427,4,2025-02-13,1,completed,10.0,7200.0
172,218,8,2024-12-29,1,completed,0.0,3000.0
173,260,13,2024-04-07,3,completed,0.0,10500.0
174,1,4,2024-07-28,3,completed,20.0,19200.0
175,71,6,2025-01-02,2,completed,10.0,7200.0
176,478,5,2024-01-31,2,refunded,10.0,27000.0
177,178,12,2024-06-23,2,cancelled,15.0,7650.0
178,457,4,2025-01-18,1,completed,10.0,7200.0
179,189,9,2024-06-30,2,cancelled,20.0,16000.0
180,291,4,2024-02-04,1,completed,20.0,6400.0
181,8,19,2024-09-01,2,refunded,0.0,10000.0
182,253,14,2025-01-22,3,pending,0.0,36000.0
183,408,5,2024-09-22,1,refunded,15.0,12750.0
184,467,18,2024-04-11,2,completed,20.0,6400.0
185,292,10,2024-06-21,2,pending,0.0,16000.0
186,434,19,2024-07-21,1,pending,15.0,4250.0
187,244,12,2024-09-17,2,cancelled,0.0,9000.0
188,123,18,2024-12-07,3,pending,15.0,10200.0
189,299,17,2024-02-14,3,completed,0.0,6000.0
190,283,11,2025-02-04,2,cancelled,5.0,9500.0
191,32,3,2024-01-06,1,pending,20.0,2000.0
192,334,17,2024-06-15,2,cancelled,0.0,4000.0
193,377,1,2024-01-13,2,completed,0.0,10000.0
194,146,15,2024-06-25,2,cancelled,0.0,12000.0
195,156,9,2024-08-24,2,completed,0.0,20000.0
196,413,15,2024-08-18,2,completed,0.0,12000.0
197,16,3,2024-03-15,1,completed,5.0,2375.0
198,355,19,2024-10-17,2,completed,20.0,8000.0
199,47,13,2024-01-21,2,completed,0.0,7000.0
200,251,12,2024-12-08,1,completed,20.0,3600.0
201,187,20,2025-03-01,2,pending,0.0,4000.0
202,31,1,2024-06-01,2,cancelled,0.0,10000.0
203,260,17,2024-08-20,1,cancelled,15.0,1700.0
204,421,13,2024-06-19,2,refunded,15.0,5950.0
205,17,1,2024-01-04,1,pending,15.0,4250.0
206,39,10,2024-06-22,3,completed,0.0,24000.0
207,304,15,2024-12-22,1,pending,10.0,5400.0
208,430,7,2024-09-25,2,pending,5.0,22800.0
209,474,18,2024-02-15,2,pending,10.0,7200.0
210,432,16,2025-01-16,1,completed,20.0,2400.0
211,39,14,2024-08-26,1,refunded,15.0,10200.0
212,489,18,2025-01-13,1,completed,5.0,3800.0
213,132,7,2024-09-18,1,completed,0.0,12000.0
214,30,17,2024-09-08,2,refunded,15.0,3400.0
215,158,18,2024-02-17,2,completed,0.0,8000.0
216,278,12,2024-03-16,1,completed,5.0,4275.0
217,203,8,2025-03-13,2,completed,0.0,6000.0
218,66,2,2024-04-12,2,cancelled,0.0,7000.0
219,108,7,2025-03-15,1,completed,0.0,12000.0
220,268,4,2024-08-27,1,completed,20.0,6400.0
221,222,18,2024-03-02,3,completed,10.0,10800.0
222,292,6,2024-02-14,3,completed,10.0,10800.0
223,18,9,2024-04-03,2,completed,10.0,18000.0
224,90,9,2025-02-20,1,completed,0.0,10000.0
225,181,14,2024-07-05,1,completed,0.0,12000.0
226,255,8,2024-06-26,1,refunded,15.0,2550.0
227,455,19,2024-05-20,3,completed,15.0,12750.0
228,253,3,2024-03-07,2,pending,15.0,4250.0
229,257,18,2024-08-07,2,cancelled,10.0,7200.0
230,383,5,2024-02-28,1,refunded,20.0,12000.0
231,442,14,2025-01-10,1,completed,10.0,10800.0
232,346,4,2024-06-15,3,completed,20.0,19200.0
233,87,7,2024-06-17,3,completed,0.0,36000.0
234,90,20,2024-08-01,2,refunded,20.0,3200.0
235,237,12,2024-07-18,3,completed,0.0,13500.0
236,390,2,2025-03-23,1,completed,10.0,3150.0
237,70,11,2024-09-02,1,refunded,15.0,4250.0
238,44,14,2024-02-09,1,completed,0.0,12000.0
239,200,16,2024-09-30,1,refunded,10.0,2700.0
240,152,20,2024-03-09,2,completed,5.0,3800.0
241,86,6,2024-01-14,1,completed,0.0,4000.0
242,19,4,2025-03-12,2,pending,10.0,14400.0
243,101,15,2024-12-14,2,completed,5.0,11400.0
244,402,1,2025-03-17,2,refunded,0.0,10000.0
245,95,7,2024-08-03,3,completed,5.0,34200.0
246,254,12,2024-08-27,1,cancelled,0.0,4500.0
247,357,10,2024-03-16,2,completed,10.0,14400.0
248,30,5,2024-04-21,1,cancelled,0.0,15000.0
249,249,12,2025-01-12,3,completed,5.0,12825.0
250,426,18,2024-06-09,1,refunded,20.0,3200.0
251,33,10,2025-01-07,1,pending,0.0,8000.0
252,458,6,2024-11-15,1,completed,0.0,4000.0
253,229,12,2024-03-20,3,pending,0.0,13500.0
254,12,7,2024-08-16,1,completed,0.0,12000.0
255,118,18,2024-10-31,3,completed,15.0,10200.0
256,350,2,2024-04-15,1,completed,0.0,3500.0
257,155,10,2025-01-08,2,completed,10.0,14400.0
258,423,15,2024-09-02,1,refunded,15.0,5100.0
259,393,12,2024-03-15,2,completed,10.0,8100.0
260,246,17,2024-09-19,3,completed,5.0,5700.0
261,405,4,2025-03-25,3,pending,5.0,22800.0
262,332,7,2024-03-08,3,completed,15.0,30600.0
263,247,9,2025-01-02,1,completed,15.0,8500.0
264,29,19,2024-04-03,2,pending,15.0,8500.0
265,161,7,2024-12-18,3,completed,,30600.0
266,235,2,2024-11-26,2,refunded,0.0,7000.0
267,190,6,2024-05-15,1,completed,20.0,3200.0
268,117,18,2024-05-26,3,refunded,15.0,10200.0
269,271,6,2024-12-22,3,cancelled,20.0,9600.0
270,258,13,2024-07-26,3,completed,15.0,8925.0
271,180,19,2024-11-24,1,completed,5.0,4750.0
272,487,2,2024-03-07,3,completed,10.0,9450.0
273,373,12,2025-01-18,2,pending,20.0,7200.0
274,172,15,2024-11-15,1,completed,5.0,5700.0
275,438,14,2025-02-12,2,pending,0.0,24000.0
276,274,6,2024-02-29,3,completed,0.0,12000.0
277,259,18,2024-09-23,1,completed,0.0,4000.0
278,135,5,2024-09-26,2,pending,10.0,27000.0
279,171,18,2024-06-08,3,completed,15.0,10200.0
280,210,3,2024-07-25,1,refunded,5.0,2375.0
281,236,3,2024-01-18,1,pending,0.0,2500.0
282,422,10,2024-12-01,1,completed,5.0,7600.0
283,421,19,2024-09-04,3,completed,15.0,12750.0
284,186,3,2024-01-26,2,completed,15.0,4250.0
285,417,12,2024-11-02,1,completed,0.0,4500.0
286,364,16,2024-07-29,1,completed,5.0,2850.0
287,443,17,2024-01-16,3,pending,10.0,5400.0
288,95,7,2025-03-12,1,pending,5.0,11400.0
289,378,13,2025-03-03,1,pending,0.0,3500.0
290,11,2,2024-08-18,1,completed,0.0,3500.0
291,68,4,2024-02-12,2,completed,20.0,12800.0
292,379,10,2024-12-05,2,completed,10.0,14400.0
293,210,7,2024-08-09,1,completed,0.0,12000.0
294,196,17,2024-05-16,3,pending,0.0,6000.0
295,369,20,2024-08-09,2,cancelled,0.0,4000.0
296,98,6,2024-08-23,2,completed,20.0,6400.0
297,93,19,2024-09-10,2,completed,0.0,10000.0
298,472,5,2024-07-17,1,completed,0.0,15000.0
299,22,10,2024-09-29,3,pending,0.0,24000.0
300,450,9,2025-02-17,1,refunded,10.0,9000.0
301,172,13,2024-06-12,3,completed,5.0,9975.0
302,383,19,2024-11-22,3,completed,0.0,15000.0
303,134,6,2025-02-06,3,cancelled,5.0,11400.0
304,426,4,2024-07-24,2,cancelled,5.0,15200.0
305,25,3,2024-07-18,1,refunded,0.0,2500.0
306,185,3,2024-09-27,1,pending,5.0,2375.0
307,85,4,2024-09-23,1,completed,0.0,8000.0
308,55,5,2024-12-28,1,completed,0.0,15000.0
309,251,8,2024-08-02,1,completed,15.0,2550.0
310,144,16,2025-03-24,1,cancelled,0.0,3000.0
311,351,3,2024-01-27,1,cancelled,10.0,2250.0
312,398,12,2024-01-02,1,completed,5.0,4275.0
313,167,8,2024-10-15,1,completed,10.0,2700.0
314,412,13,2024-05-14,1,refunded,10.0,3150.0
315,224,4,2024-04-18,1,completed,10.0,7200.0
316,220,14,2024-05-20,1,completed,20.0,9600.0
317,179,14,2024-04-25,2,refunded,15.0,20400.0
318,119,13,2024-01-14,1,completed,10.0,3150.0
319,433,6,2025-03-13,1,completed,15.0,3400.0
320,265,17,2024-04-09,2,completed,0.0,4000.0
321,442,4,2024-11-26,1,completed,20.0,6400.0
322,429,8,2024-12-09,2,pending,5.0,5700.0
323,150,17,2025-02-22,2,completed,15.0,3400.0
324,416,3,2024-01-14,3,completed,0.0,7500.0
325,453,17,2025-01-27,2,completed,10.0,3600.0
326,215,9,2024-08-25,2,completed,20.0,16000.0
327,197,2,2024-10-11,1,completed,0.0,3500.0
328,42,13,2024-10-17,1,refunded,0.0,3500.0
329,53,20,2025-01-03,1,completed,0.0,2000.0
330,480,2,2024-05-30,1,refunded,0.0,3500.0
331,443,20,2024-11-25,1,completed,10.0,1800.0
332,330,11,2024-08-25,1,completed,0.0,5000.0
333,251,15,2024-12-23,1,completed,20.0,4800.0
334,295,11,2025-03-21,2,completed,0.0,10000.0
335,378,3,2024-03-31,1,refunded,5.0,2375.0
336,271,3,2025-03-23,2,completed,0.0,5000.0
337,455,12,2024-02-10,2,completed,0.0,9000.0
338,413,5,2024-01-02,1,refunded,10.0,13500.0
339,123,20,2024-01-20,1,completed,0.0,2000.0
340,367,7,2024-06-02,2,cancelled,15.0,20400.0
341,387,7,2024-10-11,1,completed,20.0,9600.0
342,339,13,2024-02-01,3,cancelled,20.0,8400.0
343,266,9,2024-01-03,2,pending,0.0,20000.0
344,348,13,2025-02-25,1,cancelled,15.0,2975.0
345,29,12,2025-01-04,1,pending,20.0,3600.0
346,463,13,2024-12-30,1,completed,5.0,3325.0
347,35,10,2025-02-01,1,pending,,7200.0
348,6,1,2024-11-11,2,completed,5.0,9500.0
349,396,8,2024-02-16,2,pending,20.0,4800.0
350,111,16,2024-06-28,1,completed,5.0,2850.0
351,294,13,2024-11-21,2,refunded,20.0,5600.0
352,77,3,2024-05-06,3,refunded,10.0,6750.0
353,349,3,2024-11-05,2,cancelled,10.0,4500.0
354,147,5,2024-01-12,1,cancelled,15.0,12750.0
355,67,11,2024-05-17,2,cancelled,5.0,9500.0
356,392,7,2024-09-04,1,pending,0.0,12000.0
357,8,10,2024-10-11,1,cancelled,15.0,6800.0
358,122,10,2024-09-16,1,pending,10.0,7200.0
359,340,20,2024-11-09,2,pending,0.0,4000.0
360,175,2,2024-01-03,2,completed,20.0,5600.0
361,388,3,2024-02-15,3,completed,15.0,6375.0
362,179,8,2025-01-26,1,pending,0.0,3000.0
363,85,11,2024-11-02,2,refunded,0.0,10000.0
364,451,13,2024-02-20,2,completed,20.0,5600.0
365,45,7,2025-01-13,1,completed,15.0,10200.0
366,136,13,2024-04-19,2,completed,10.0,6300.0
367,343,2,2024-08-03,3,completed,10.0,9450.0
368,16,6,2024-03-06,1,pending,0.0,4000.0
369,333,9,2024-11-15,3,completed,0.0,30000.0
370,195,20,2024-10-27,2,completed,15.0,3400.0
371,496,2,2024-04-05,2,completed,15.0,5950.0
372,9,18,2025-01-23,2,completed,5.0,7600.0
373,316,16,2024-06-29,1,pending,0.0,3000.0
374,334,12,2024-05-11,2,completed,10.0,8100.0
375,333,7,2024-03-09,2,refunded,15.0,20400.0
376,327,7,2024-04-29,1,completed,15.0,10200.0
377,15,17,2024-01-10,1,pending,20.0,1600.0
378,327,13,2024-09-19,1,completed,20.0,2800.0
379,102,11,2025-01-14,3,refunded,15.0,12750.0
380,226,6,2024-09-04,1,refunded,0.0,4000.0
381,425,14,2024-04-08,3,cancelled,0.0,36000.0
382,278,6,2024-01-16,1,completed,15.0,3400.0
383,408,6,2024-04-06,1,refunded,0.0,4000.0
384,113,2,2024-07-06,2,completed,10.0,6300.0
385,485,20,2024-12-07,1,completed,5.0,1900.0
386,428,15,2024-03-25,3,pending,20.0,14400.0
387,1,17,2024-11-19,1,cancelled,0.0,2000.0
388,266,8,2025-01-25,1,completed,10.0,2700.0
389,491,5,2024-07-23,1,completed,20.0,12000.0
390,208,17,2025-01-04,1,completed,0.0,2000.0
391,110,20,2024-09-06,2,completed,20.0,3200.0
392,200,1,2024-10-13,2,completed,0.0,10000.0
393,440,18,2024-08-24,1,completed,0.0,4000.0
394,369,15,2024-07-27,1,cancelled,10.0,5400.0
395,473,5,2024-04-15,1,completed,0.0,15000.0
396,306,7,2024-05-16,1,completed,5.0,11400.0
397,12,18,2024-05-10,3,completed,0.0,12000.0
398,345,6,2024-09-10,3,pending,10.0,10800.0
399,465,5,2024-02-23,1,pending,0.0,15000.0
400,188,19,2025-02-16,1,cancelled,0.0,5000.0
401,154,10,2024-11-20,1,completed,15.0,6800.0
402,494,15,2024-06-29,3,completed,15.0,15300.0
403,368,10,2024-03-12,3,completed,5.0,22800.0
404,334,16,2025-01-31,1,completed,0.0,3000.0
405,425,12,2025-01-05,1,completed,10.0,4050.0
406,420,18,2024-11-20,1,cancelled,5.0,3800.0
407,377,1,2024-05-02,1,pending,20.0,4000.0
408,279,16,2024-06-30,1,pending,20.0,2400.0
409,171,6,2024-02-16,2,completed,0.0,8000.0
410,134,3,2024-03-26,3,completed,15.0,6375.0
411,495,2,2024-12-18,2,completed,,6300.0
412,453,2,2024-11-17,1,cancelled,0.0,3500.0
413,427,13,2024-09-24,1,completed,5.0,3325.0
414,25,9,2025-02-07,1,completed,10.0,9000.0
415,18,16,2024-09-19,1,completed,5.0,2850.0
416,190,5,2024-07-29,1,cancelled,5.0,14250.0
417,141,7,2024-06-02,1,refunded,5.0,11400.0
418,43,13,2025-02-27,1,cancelled,,3500.0
419,334,20,2024-02-07,2,completed,10.0,3600.0
420,284,13,2025-02-22,2,completed,0.0,7000.0
421,146,7,2025-01-07,3,pending,0.0,36000.0
422,315,10,2024-02-28,2,completed,0.0,16000.0
423,444,15,2024-09-11,1,refunded,20.0,4800.0
424,319,6,2025-01-24,2,cancelled,0.0,8000.0
425,441,5,2024-09-14,1,completed,15.0,12750.0
426,92,2,2025-02-12,2,refunded,5.0,6650.0
427,179,15,2025-02-28,1,completed,10.0,5400.0
428,56,16,2024-07-09,1,completed,10.0,2700.0
429,155,19,2024-06-18,1,completed,0.0,5000.0
430,160,9,2025-02-25,1,cancelled,0.0,10000.0
431,111,19,2024-10-30,2,completed,0.0,10000.0
432,137,7,2024-02-22,2,completed,0.0,24000.0
433,232,4,2024-01-20,2,completed,0.0,16000.0
434,480,3,2024-09-11,1,completed,0.0,2500.0
435,468,20,2025-02-22,2,completed,15.0,3400.0
436,220,11,2025-01-14,1,refunded,20.0,4000.0
437,481,1,2024-10-31,2,completed,0.0,10000.0
438,68,6,2024-03-03,1,completed,20.0,3200.0
439,302,11,2024-04-24,1,pending,0.0,5000.0
440,249,1,2025-01-28,3,pending,10.0,13500.0
441,482,7,2024-03-23,1,completed,0.0,12000.0
442,496,6,2024-05-05,1,refunded,5.0,3800.0
443,323,14,2024-02-28,1,completed,20.0,9600.0
444,410,2,2024-10-31,2,completed,20.0,5600.0
445,392,4,2025-02-28,1,cancelled,5.0,7600.0
446,6,11,2024-05-01,2,refunded,5.0,9500.0
447,464,15,2024-08-01,2,completed,15.0,10200.0
448,280,18,2024-10-12,1,cancelled,0.0,4000.0
449,432,1,2025-03-25,1,completed,5.0,4750.0
450,487,3,2024-02-17,2,completed,20.0,4000.0
451,94,3,2024-08-12,1,pending,10.0,2250.0
452,429,7,2024-06-22,2,completed,20.0,19200.0
453,269,1,2025-01-24,3,completed,20.0,12000.0
454,197,11,2024-08-02,2,completed,15.0,8500.0
455,25,6,2024-02-19,1,cancelled,0.0,4000.0
456,148,20,2024-10-12,3,refunded,0.0,6000.0
457,118,3,2024-12-12,1,pending,5.0,2375.0
458,338,19,2024-01-02,3,cancelled,0.0,15000.0
459,367,2,2025-01-21,2,completed,20.0,5600.0
460,338,18,2024-03-24,2,completed,0.0,8000.0
461,66,12,2024-09-05,3,completed,0.0,13500.0
462,458,10,2024-07-06,2,completed,0.0,16000.0
463,301,5,2024-11-19,1,completed,0.0,15000.0
464,370,9,2024-06-16,3,completed,0.0,30000.0
465,175,2,2025-01-26,2,completed,15.0,5950.0
466,319,2,2024-11-24,1,cancelled,15.0,2975.0
467,76,6,2024-10-18,1,completed,0.0,4000.0
468,495,10,2024-12-24,1,pending,10.0,7200.0
469,461,18,2024-12-05,1,refunded,10.0,3600.0
470,114,12,2024-01-17,2,pending,0.0,9000.0
471,111,4,2024-06-26,2,pending,0.0,16000.0
472,249,17,2025-02-22,3,cancelled,5.0,5700.0
473,439,15,2024-02-26,2,completed,15.0,10200.0
474,203,6,2024-11-27,1,refunded,0.0,4000.0
475,147,16,2025-03-14,1,pending,10.0,2700.0
476,35,17,2024-01-24,1,pending,0.0,2000.0
477,487,3,2024-11-02,2,completed,10.0,4500.0
478,309,10,2024-07-29,2,cancelled,0.0,16000.0
479,26,5,2024-09-17,2,refunded,20.0,24000.0
480,238,14,2024-02-08,2,pending,5.0,22800.0
481,14,13,2024-01-20,2,completed,0.0,7000.0
482,374,6,2024-10-27,1,cancelled,,3200.0
483,45,12,2025-01-05,1,refunded,5.0,4275.0
484,428,8,2024-12-17,2,pending,10.0,5400.0
485,216,5,2024-09-01,2,pending,15.0,25500.0
486,233,15,2024-02-14,2,completed,15.0,10200.0
487,193,16,2024-11-05,2,refunded,0.0,6000.0
488,51,1,2024-04-18,2,completed,5.0,9500.0
489,427,16,2025-02-13,3,cancelled,0.0,9000.0
490,375,5,2025-01-12,1,completed,0.0,15000.0
491,214,3,2024-11-15,1,completed,0.0,2500.0
492,151,20,2025-03-02,1,completed,0.0,2000.0
493,440,15,2024-01-15,3,completed,5.0,17100.0
494,275,13,2024-11-27,1,completed,0.0,3500.0
495,338,16,2024-05-28,3,refunded,0.0,9000.0
496,76,11,2025-02-11,1,completed,20.0,4000.0
497,439,2,2024-04-30,1,refunded,0.0,3500.0
498,220,6,2024-11-22,3,completed,0.0,12000.0
499,348,6,2025-01-29,1,completed,0.0,4000.0
500,444,14,2024-01-19,1,completed,20.0,9600.0
501,187,11,2024-06-27,1,completed,0.0,5000.0
502,289,8,2024-12-09,1,refunded,0.0,3000.0
503,403,8,2024-07-23,1,completed,20.0,2400.0
504,28,1,2024-04-30,3,completed,5.0,14250.0
505,379,7,2024-04-08,3,completed,15.0,30600.0
506,180,6,2024-02-29,3,completed,15.0,10200.0
507,253,8,2025-01-20,1,pending,0.0,3000.0
508,126,19,2024-09-15,1,completed,0.0,5000.0
509,177,20,2024-02-04,1,cancelled,20.0,1600.0
510,37,8,2024-06-21,2,completed,0.0,6000.0
511,410,14,2024-06-14,1,completed,15.0,10200.0
512,99,18,2024-03-22,1,refunded,0.0,4000.0
513,98,16,2024-07-14,2,cancelled,0.0,6000.0
514,127,9,2024-05-29,1,completed,0.0,10000.0
515,483,15,2024-06-02,1,completed,15.0,5100.0
516,168,10,2024-11-28,1,completed,10.0,7200.0
517,80,16,2024-04-10,1,completed,15.0,2550.0
518,294,4,2024-10-15,2,completed,0.0,16000.0
519,333,20,2024-09-13,2,pending,0.0,4000.0
520,126,13,2024-09-12,1,pending,0.0,3500.0
521,343,5,2024-10-25,1,completed,10.0,13500.0
522,310,7,2024-09-03,1,pending,10.0,10800.0
523,150,9,2025-01-30,3,refunded,0.0,30000.0
524,16,8,2024-10-31,3,cancelled,0.0,9000.0
525,28,16,2024-09-03,2,completed,15.0,5100.0
526,496,6,2025-01-08,2,pending,5.0,7600.0
527,419,16,2024-09-29,1,completed,0.0,3000.0
528,444,6,2024-05-11,2,completed,15.0,6800.0
529,173,14,2024-04-03,1,cancelled,5.0,11400.0
530,46,1,2024-03-09,1,pending,15.0,4250.0
531,328,9,2025-02-08,2,completed,10.0,18000.0
532,236,13,2024-11-15,2,completed,0.0,7000.0
533,439,19,2025-02-25,3,refunded,0.0,15000.0
534,214,17,2024-09-28,1,completed,15.0,1700.0
535,85,11,2024-08-01,3,completed,0.0,15000.0
536,282,8,2024-01-27,1,refunded,0.0,3000.0
537,232,5,2024-10-29,1,refunded,15.0,12750.0
538,85,10,2024-09-18,3,cancelled,10.0,21600.0
539,409,7,2025-03-21,3,completed,20.0,28800.0
540,489,10,2024-04-17,2,pending,15.0,13600.0
541,65,4,2024-08-26,1,pending,15.0,6800.0
542,134,9,2024-10-19,2,completed,0.0,20000.0
543,151,14,2024-10-17,2,completed,10.0,21600.0
544,115,2,2024-09-09,1,completed,15.0,2975.0
545,64,9,2024-12-15,3,completed,0.0,30000.0
546,343,1,2024-04-02,1,pending,0.0,5000.0
547,427,10,2024-11-22,1,completed,10.0,7200.0
548,363,10,2024-10-05,2,cancelled,,15200.0
549,407,20,2025-02-07,2,completed,0.0,4000.0
550,352,3,2025-01-16,1,cancelled,5.0,2375.0
551,158,6,2024-05-21,1,cancelled,20.0,3200.0
552,77,6,2024-05-04,1,cancelled,10.0,3600.0
553,491,2,2025-03-17,2,completed,15.0,5950.0
554,146,18,2024-08-25,1,completed,0.0,4000.0
555,343,2,2025-02-11,3,refunded,20.0,8400.0
556,463,12,2024-03-14,3,refunded,10.0,12150.0
557,225,5,2024-10-16,2,completed,0.0,30000.0
558,405,20,2024-12-30,1,refunded,10.0,1800.0
559,313,7,2025-03-02,2,completed,20.0,19200.0
560,103,16,2024-05-31,2,refunded,0.0,6000.0
561,407,20,2024-11-22,1,pending,5.0,1900.0
562,347,1,2024-08-30,2,completed,0.0,10000.0
563,301,1,2024-01-28,1,refunded,5.0,4750.0
564,428,17,2024-11-06,1,completed,0.0,2000.0
565,466,1,2024-11-06,2,completed,20.0,8000.0
566,88,20,2025-02-22,1,completed,0.0,2000.0
567,371,13,2024-08-11,1,completed,0.0,3500.0
568,303,9,2024-04-13,1,pending,10.0,9000.0
569,168,15,2024-01-21,1,refunded,10.0,5400.0
570,435,3,2024-07-06,2,pending,5.0,4750.0
571,170,14,2024-05-15,2,refunded,20.0,19200.0
572,135,11,2024-12-08,3,completed,0.0,15000.0
573,50,12,2024-06-08,1,cancelled,0.0,4500.0
574,432,13,2025-03-03,2,refunded,0.0,7000.0
575,340,13,2025-03-09,2,cancelled,0.0,7000.0
576,347,1,2024-10-06,1,completed,0.0,5000.0
577,134,10,2025-02-21,2,pending,10.0,14400.0
578,347,3,2024-12-08,1,cancelled,15.0,2125.0
579,137,4,2024-09-03,2,pending,15.0,13600.0
580,245,16,2024-03-22,2,refunded,15.0,5100.0
581,109,8,2024-07-25,2,refunded,0.0,6000.0
582,313,16,2024-09-09,2,completed,0.0,6000.0
583,287,17,2025-01-23,1,refunded,20.0,1600.0
584,21,19,2024-08-04,2,completed,5.0,9500.0
585,90,15,2025-02-07,2,cancelled,10.0,10800.0
586,296,16,2024-10-30,1,refunded,15.0,2550.0
587,112,15,2024-03-02,1,completed,20.0,4800.0
588,301,2,2025-03-23,1,completed,0.0,3500.0
589,77,11,2024-08-25,1,completed,,5000.0
590,177,1,2024-06-25,1,completed,10.0,4500.0
591,343,15,2024-10-23,1,completed,10.0,5400.0
592,148,19,2024-02-19,1,pending,0.0,5000.0
593,101,4,2024-10-13,3,completed,0.0,24000.0
594,246,11,2024-08-12,1,pending,0.0,5000.0
595,117,5,2024-07-02,1,cancelled,15.0,12750.0
596,92,3,2025-03-04,1,completed,15.0,2125.0
597,401,13,2024-08-23,1,cancelled,0.0,3500.0
598,28,10,2024-04-08,1,completed,0.0,8000.0
599,425,11,2024-07-25,3,completed,5.0,14250.0
600,450,18,2025-02-17,1,pending,10.0,3600.0
601,25,2,2024-03-20,2,refunded,0.0,7000.0
602,58,7,2024-04-06,1,refunded,10.0,10800.0
603,498,9,2024-01-06,2,pending,0.0,20000.0
604,297,10,2024-01-07,1,cancelled,20.0,6400.0
605,134,18,2025-01-08,2,pending,0.0,8000.0
606,331,7,2024-11-25,1,pending,0.0,12000.0
607,249,7,2024-06-08,3,completed,10.0,32400.0
608,38,3,2024-11-10,1,completed,20.0,2000.0
609,390,12,2024-06-26,1,refunded,0.0,4500.0
610,429,7,2025-03-04,1,completed,0.0,12000.0
611,75,17,2025-03-11,1,pending,10.0,1800.0
612,142,1,2024-06-25,3,completed,0.0,15000.0
613,322,5,2025-01-19,3,completed,15.0,38250.0
614,168,16,2024-12-13,1,pending,10.0,2700.0
615,259,15,2024-05-19,1,refunded,0.0,6000.0
616,373,2,2024-04-14,1,pending,0.0,3500.0
617,355,9,2024-07-25,3,completed,0.0,30000.0
618,225,7,2024-12-17,2,cancelled,0.0,24000.0
619,152,4,2025-03-08,1,completed,0.0,8000.0
620,19,20,2024-12-09,2,completed,0.0,4000.0
621,146,18,2025-01-19,1,completed,0.0,4000.0
622,448,4,2024-09-28,1,completed,5.0,7600.0
623,241,13,2025-01-10,1,pending,20.0,2800.0
624,372,1,2024-12-18,2,completed,15.0,8500.0
625,381,3,2024-06-18,3,pending,0.0,7500.0
626,344,16,2024-09-05,3,pending,10.0,8100.0
627,237,4,2024-12-28,1,cancelled,20.0,6400.0
628,35,16,2024-01-21,2,completed,0.0,6000.0
629,190,19,2024-12-29,1,completed,0.0,5000.0
630,1,1,2024-03-21,1,completed,10.0,4500.0
631,484,5,2024-08-19,2,completed,20.0,24000.0
632,153,19,2024-12-29,1,completed,10.0,4500.0
633,429,11,2024-04-24,1,pending,10.0,4500.0
634,433,13,2024-04-20,2,completed,10.0,6300.0
635,126,20,2024-06-30,1,refunded,20.0,1600.0
636,491,5,2025-02-06,1,completed,0.0,15000.0
637,482,4,2024-01-01,3,completed,5.0,22800.0
638,345,4,2025-02-09,2,completed,15.0,13600.0
639,400,4,2024-03-10,1,completed,0.0,8000.0
640,226,4,2025-03-21,2,completed,20.0,12800.0
641,221,20,2025-03-05,2,refunded,10.0,3600.0
642,403,18,2024-08-10,1,refunded,0.0,4000.0
643,407,18,2024-08-18,3,cancelled,20.0,9600.0
644,211,16,2024-08-04,2,completed,0.0,6000.0
645,25,9,2024-10-12,2,cancelled,10.0,18000.0
646,16,18,2024-02-10,1,pending,5.0,3800.0
647,182,2,2024-01-15,1,completed,20.0,2800.0
648,499,4,2024-01-26,2,completed,0.0,16000.0
649,329,12,2024-07-18,1,cancelled,0.0,4500.0
650,129,7,2024-05-03,3,pending,0.0,36000.0
651,42,15,2024-10-06,1,completed,15.0,5100.0
652,403,7,2025-03-22,1,pending,10.0,10800.0
653,481,17,2024-06-22,1,completed,0.0,2000.0
654,418,16,2024-09-15,2,cancelled,0.0,6000.0
655,336,19,2024-07-06,2,pending,5.0,9500.0
656,236,9,2025-01-16,1,completed,0.0,10000.0
657,360,14,2025-02-10,1,pending,0.0,12000.0
658,439,17,2025-01-29,1,completed,0.0,2000.0
659,402,5,2025-03-14,2,completed,15.0,25500.0
660,34,2,2024-01-13,2,completed,0.0,7000.0
661,345,20,2025-01-12,1,refunded,15.0,1700.0
662,381,16,2024-12-04,1,completed,0.0,3000.0
663,45,14,2024-04-12,3,refunded,10.0,32400.0
664,134,14,2025-03-06,3,pending,5.0,34200.0
665,21,1,2024-03-07,1,completed,0.0,5000.0
666,122,3,2024-11-01,1,pending,0.0,2500.0
667,70,7,2024-04-11,1,completed,5.0,11400.0
668,352,15,2024-07-13,3,pending,15.0,15300.0
669,361,19,2024-11-19,2,completed,10.0,9000.0
670,48,20,2024-09-10,1,completed,0.0,2000.0
671,491,2,2024-07-11,1,completed,0.0,3500.0
672,39,19,2024-05-26,2,refunded,15.0,8500.0
673,287,9,2025-01-12,3,pending,10.0,27000.0
674,490,19,2024-03-05,3,pending,0.0,15000.0
675,10,5,2024-07-12,1,completed,10.0,13500.0
676,30,18,2025-02-10,1,completed,0.0,4000.0
677,244,16,2025-01-15,1,cancelled,0.0,3000.0
678,274,4,2024-06-29,2,refunded,15.0,13600.0
679,444,12,2024-12-09,2,pending,10.0,8100.0
680,88,7,2025-01-05,1,pending,5.0,11400.0
681,244,14,2025-02-03,1,cancelled,0.0,12000.0
682,381,12,2024-09-02,1,refunded,20.0,3600.0
683,329,3,2024-04-02,1,completed,5.0,2375.0
684,479,5,2024-04-24,3,completed,15.0,38250.0
685,15,17,2024-05-13,3,completed,0.0,6000.0
686,4,10,2024-09-24,1,completed,20.0,6400.0
687,191,10,2024-01-15,1,completed,5.0,7600.0
688,168,11,2024-10-13,1,pending,0.0,5000.0
689,9,17,2024-06-12,3,refunded,20.0,4800.0
690,109,5,2024-05-12,1,pending,20.0,12000.0
691,137,13,2025-01-30,2,completed,10.0,6300.0
692,154,10,2024-07-26,1,refunded,0.0,8000.0
693,388,9,2024-02-12,2,refunded,5.0,19000.0
694,209,17,2025-01-07,2,pending,0.0,4000.0
695,272,1,2024-01-22,1,completed,15.0,4250.0
696,143,4,2024-11-23,1,completed,5.0,7600.0
697,99,4,2024-12-14,1,completed,5.0,7600.0
698,377,18,2024-06-07,3,completed,10.0,10800.0
699,308,9,2025-01-06,1,pending,0.0,10000.0
700,69,18,2024-08-20,3,completed,0.0,12000.0
701,247,14,2024-07-27,3,completed,0.0,36000.0
702,261,15,2024-01-21,2,refunded,0.0,12000.0
703,276,6,2024-05-10,3,completed,15.0,10200.0
704,79,10,2025-02-22,3,pending,20.0,19200.0
705,146,15,2024-06-25,2,cancelled,0.0,12000.0
706,111,4,2024-09-03,1,completed,0.0,8000.0
707,258,18,2024-08-27,1,pending,0.0,4000.0
708,93,18,2024-09-22,2,completed,0.0,8000.0
709,13,17,2024-01-28,3,completed,0.0,6000.0
710,260,12,2024-06-11,1,completed,15.0,3825.0
711,426,7,2024-11-21,2,completed,0.0,24000.0
712,109,16,2024-03-31,1,completed,10.0,2700.0
713,330,11,2024-04-01,2,pending,20.0,8000.0
714,189,14,2024-01-05,1,cancelled,0.0,12000.0
715,95,3,2024-07-15,1,cancelled,15.0,2125.0
716,105,19,2025-02-01,1,completed,10.0,4500.0
717,8,18,2024-01-24,1,refunded,0.0,4000.0
718,67,10,2024-03-27,1,completed,0.0,8000.0
719,496,6,2024-05-19,3,cancelled,0.0,12000.0
720,191,13,2024-11-25,2,completed,5.0,6650.0
721,366,10,2024-10-15,2,refunded,5.0,15200.0
722,256,18,2024-07-06,2,cancelled,0.0,8000.0
723,9,20,2024-12-07,1,refunded,0.0,2000.0
724,478,16,2024-10-01,1,completed,0.0,3000.0
725,117,6,2025-02-07,1,pending,20.0,3200.0
726,267,13,2025-01-03,3,completed,0.0,10500.0
727,99,4,2024-04-23,1,refunded,20.0,6400.0
728,485,14,2024-05-02,1,pending,10.0,10800.0
729,298,1,2024-02-26,2,pending,5.0,9500.0
730,397,20,2024-05-31,1,completed,5.0,1900.0
731,164,5,2025-03-25,2,cancelled,0.0,30000.0
732,376,8,2024-07-01,1,completed,0.0,3000.0
733,141,12,2024-04-09,2,pending,10.0,8100.0
734,268,2,2024-12-09,1,refunded,,2975.0
735,37,12,2024-09-01,3,cancelled,15.0,11475.0
736,74,5,2024-03-08,1,completed,15.0,12750.0
737,73,5,2024-06-20,1,completed,5.0,14250.0
738,308,13,2024-07-05,1,refunded,0.0,3500.0
739,199,9,2024-12-05,1,completed,15.0,8500.0
740,130,10,2024-01-10,2,refunded,0.0,16000.0
741,246,1,2024-05-01,2,completed,10.0,9000.0
742,312,3,2024-08-20,3,completed,15.0,6375.0
743,60,18,2024-04-30,1,refunded,0.0,4000.0
744,279,12,2024-10-09,1,pending,15.0,3825.0
745,103,3,2024-08-04,1,completed,0.0,2500.0
746,296,9,2024-06-11,1,pending,0.0,10000.0
747,320,2,2025-03-03,1,completed,15.0,2975.0
748,487,3,2024-10-11,1,refunded,0.0,2500.0
749,341,14,2024-02-28,1,completed,10.0,10800.0
750,151,4,2024-09-09,1,pending,0.0,8000.0
751,157,19,2024-12-17,1,completed,10.0,4500.0
752,206,13,2024-11-14,2,completed,15.0,5950.0
753,474,7,2024-03-18,1,completed,10.0,10800.0
754,179,12,2025-03-13,2,completed,0.0,9000.0
755,197,3,2024-07-20,1,refunded,5.0,2375.0
756,223,9,2024-03-12,1,pending,20.0,8000.0
757,89,2,2024-03-22,1,completed,5.0,3325.0
758,287,9,2024-02-14,1,completed,0.0,10000.0
759,434,12,2024-12-27,2,pending,0.0,9000.0
760,276,12,2024-02-24,3,pending,5.0,12825.0
761,236,15,2024-02-26,2,completed,15.0,10200.0
762,183,2,2025-01-17,2,refunded,10.0,6300.0
763,209,18,2024-06-04,1,completed,10.0,3600.0
764,493,13,2024-01-14,1,completed,0.0,3500.0
765,130,14,2024-01-24,2,completed,0.0,24000.0
766,153,5,2024-03-04,2,cancelled,10.0,27000.0
767,13,10,2024-04-06,2,cancelled,15.0,13600.0
768,122,12,2024-10-26,1,completed,10.0,4050.0
769,359,10,2024-03-11,1,refunded,0.0,8000.0
770,220,11,2024-02-23,1,completed,5.0,4750.0
771,106,2,2024-12-10,1,cancelled,0.0,3500.0
772,375,5,2024-10-28,1,completed,,15000.0
773,70,7,2024-07-14,2,completed,15.0,20400.0
774,195,6,2024-09-04,1,pending,5.0,3800.0
775,186,3,2024-05-20,1,cancelled,5.0,2375.0
776,99,13,2024-08-05,2,completed,5.0,6650.0
777,82,3,2024-08-16,3,pending,0.0,7500.0
778,75,6,2024-06-23,1,completed,0.0,4000.0
779,374,11,2025-02-11,1,completed,20.0,4000.0
780,340,17,2024-01-08,1,pending,5.0,1900.0
781,192,10,2024-12-17,2,completed,15.0,13600.0
782,325,12,2024-02-25,3,completed,10.0,12150.0
783,467,17,2024-12-24,2,completed,15.0,3400.0
784,214,4,2024-10-04,3,completed,0.0,24000.0
785,315,2,2025-01-14,3,completed,0.0,10500.0
786,444,11,2024-02-13,1,completed,20.0,4000.0
787,467,7,2024-09-08,1,completed,0.0,12000.0
788,382,2,2024-08-13,1,completed,10.0,3150.0
789,367,18,2024-11-13,3,completed,0.0,12000.0
790,318,4,2024-08-28,2,refunded,20.0,12800.0
791,144,8,2024-08-31,1,completed,0.0,3000.0
792,384,20,2024-07-12,3,completed,,5100.0
793,216,14,2024-05-18,1,refunded,20.0,9600.0
794,361,12,2024-08-05,2,refunded,15.0,7650.0
795,324,18,2024-02-23,2,refunded,5.0,7600.0
796,15,11,2025-03-08,3,completed,5.0,14250.0
797,217,8,2024-11-17,1,completed,5.0,2850.0
798,492,2,2025-03-04,1,completed,20.0,2800.0
799,439,15,2024-04-12,3,pending,0.0,18000.0
800,35,9,2025-01-30,1,refunded,10.0,9000.0
801,183,19,2024-12-29,2,refunded,20.0,8000.0
802,270,20,2024-10-31,1,completed,0.0,2000.0
803,433,8,2024-10-08,1,completed,15.0,2550.0
804,467,19,2024-05-22,2,completed,15.0,8500.0
805,358,5,2025-01-02,3,completed,20.0,36000.0
806,100,11,2024-08-13,1,cancelled,20.0,4000.0
807,7,15,2024-02-01,1,completed,10.0,5400.0
808,30,8,2024-05-20,2,refunded,0.0,6000.0
809,467,19,2025-02-24,1,pending,20.0,4000.0
810,305,8,2025-01-17,2,completed,5.0,5700.0
811,473,19,2025-03-17,2,pending,10.0,9000.0
812,144,18,2024-10-09,3,completed,0.0,12000.0
813,111,10,2024-04-21,2,completed,5.0,15200.0
814,232,7,2024-03-14,1,pending,0.0,12000.0
815,179,9,2024-03-25,2,completed,0.0,20000.0
816,72,1,2024-01-09,1,completed,0.0,5000.0
817,210,19,2024-06-24,2,completed,5.0,9500.0
818,220,5,2024-03-27,1,cancelled,0.0,15000.0
819,80,19,2024-07-04,1,completed,5.0,4750.0
820,500,1,2025-02-24,2,completed,15.0,8500.0
821,83,15,2024-07-12,2,refunded,5.0,11400.0
822,42,16,2025-01-30,3,completed,0.0,9000.0
823,273,7,2024-09-29,3,pending,0.0,36000.0
824,191,12,2024-04-21,1,refunded,15.0,3825.0
825,173,8,2024-06-09,2,completed,0.0,6000.0
826,461,5,2024-02-07,1,refunded,0.0,15000.0
827,7,10,2024-05-30,3,cancelled,,24000.0
828,155,5,2024-10-31,1,completed,0.0,15000.0
829,10,17,2024-02-02,1,completed,10.0,1800.0
830,34,5,2024-04-02,3,completed,0.0,45000.0
831,36,15,2024-06-20,3,cancelled,0.0,18000.0
832,409,13,2025-03-17,2,refunded,20.0,5600.0
833,6,1,2024-12-19,1,completed,0.0,5000.0
834,408,11,2024-11-26,1,completed,5.0,4750.0
835,402,1,2024-02-22,1,completed,20.0,4000.0
836,215,11,2024-12-17,2,completed,0.0,10000.0
837,134,18,2024-12-19,3,completed,20.0,9600.0
838,285,18,2024-09-27,1,completed,0.0,4000.0
839,126,16,2025-03-21,1,refunded,0.0,3000.0
840,409,13,2024-05-26,2,refunded,0.0,7000.0
841,439,7,2025-02-27,2,pending,20.0,19200.0
842,337,1,2025-02-15,1,pending,15.0,4250.0
843,174,16,2024-01-06,1,completed,10.0,2700.0
844,152,1,2024-07-21,2,completed,5.0,9500.0
845,331,17,2025-03-15,1,completed,20.0,1600.0
846,26,6,2024-02-16,1,completed,0.0,4000.0
847,383,2,2024-09-03,1,cancelled,0.0,3500.0
848,115,17,2025-03-16,2,cancelled,0.0,4000.0
849,382,6,2024-09-06,1,cancelled,0.0,4000.0
850,482,14,2024-03-26,3,completed,0.0,36000.0
851,284,18,2024-09-18,1,completed,0.0,4000.0
852,387,6,2024-04-01,2,completed,10.0,7200.0
853,75,10,2024-08-21,1,pending,0.0,8000.0
854,166,18,2024-02-03,2,refunded,0.0,8000.0
855,189,9,2024-09-29,2,cancelled,20.0,16000.0
856,78,8,2024-08-20,1,pending,20.0,2400.0
857,435,10,2024-11-29,2,pending,0.0,16000.0
858,90,17,2024-10-10,1,completed,15.0,1700.0
859,176,6,2024-09-04,1,completed,20.0,3200.0
860,21,14,2024-11-06,3,completed,5.0,34200.0
861,54,6,2024-03-05,2,completed,10.0,7200.0
862,184,7,2024-09-24,2,completed,5.0,22800.0
863,359,12,2024-03-18,1,completed,0.0,4500.0
864,222,3,2025-02-20,2,completed,5.0,4750.0
865,315,14,2024-01-31,1,completed,0.0,12000.0
866,328,19,2024-07-12,2,completed,10.0,9000.0
867,179,16,2024-11-09,1,completed,5.0,2850.0
868,276,7,2024-07-25,1,completed,0.0,12000.0
869,112,8,2024-02-11,1,pending,0.0,3000.0
870,224,18,2024-09-06,2,completed,5.0,7600.0
871,214,13,2024-10-15,1,completed,10.0,3150.0
872,59,9,2024-11-12,3,completed,0.0,30000.0
873,327,10,2024-06-16,1,refunded,5.0,7600.0
874,393,9,2024-09-10,2,completed,0.0,20000.0
875,109,15,2024-07-21,1,cancelled,5.0,5700.0
876,385,20,2024-10-29,1,refunded,0.0,2000.0
877,157,2,2024-09-19,1,completed,5.0,3325.0
878,191,13,2024-08-24,3,cancelled,10.0,9450.0
879,200,2,2024-04-22,2,pending,0.0,7000.0
880,312,19,2024-01-01,2,completed,0.0,10000.0
881,196,2,2024-03-19,1,cancelled,0.0,3500.0
882,35,3,2024-02-22,1,pending,0.0,2500.0
883,379,6,2024-07-21,1,cancelled,0.0,4000.0
884,387,3,2024-10-02,2,completed,5.0,4750.0
885,246,10,2024-04-05,3,completed,10.0,21600.0
886,237,6,2025-02-26,3,completed,0.0,12000.0
887,104,16,2024-01-04,1,completed,10.0,2700.0
888,7,17,2024-12-13,2,completed,0.0,4000.0
889,283,19,2024-10-08,1,completed,15.0,4250.0
890,1,3,2024-06-17,1,refunded,5.0,2375.0
891,219,18,2024-01-23,1,completed,15.0,3400.0
892,464,7,2024-10-09,1,refunded,5.0,11400.0
893,230,9,2024-06-22,1,completed,0.0,10000.0
894,455,20,2025-02-25,3,completed,5.0,5700.0
895,172,12,2024-08-31,1,pending,0.0,4500.0
896,87,5,2025-02-26,1,pending,10.0,13500.0
897,41,3,2024-04-09,3,completed,20.0,6000.0
898,123,11,2024-11-22,2,pending,0.0,10000.0
899,331,4,2024-10-04,3,completed,5.0,22800.0
900,298,5,2024-11-28,3,completed,0.0,45000.0
901,373,1,2024-04-06,3,completed,15.0,12750.0
902,417,18,2024-10-26,2,completed,,8000.0
903,178,12,2024-08-12,2,pending,15.0,7650.0
904,63,13,2024-11-30,1,refunded,5.0,3325.0
905,484,9,2024-05-27,1,completed,0.0,10000.0
906,165,2,2025-02-04,1,completed,15.0,2975.0
907,489,5,2024-02-07,1,completed,0.0,15000.0
908,187,13,2024-12-29,1,completed,5.0,3325.0
909,383,16,2025-01-22,3,pending,0.0,9000.0
910,209,16,2025-01-02,1,completed,0.0,3000.0
911,227,3,2024-08-18,1,completed,0.0,2500.0
912,432,4,2024-07-16,1,completed,20.0,6400.0
913,389,11,2025-03-24,1,completed,20.0,4000.0
914,48,14,2024-04-13,1,completed,0.0,12000.0
915,224,3,2024-09-03,2,completed,10.0,4500.0
916,3,16,2024-10-28,3,cancelled,5.0,8550.0
917,372,15,2024-11-11,3,completed,0.0,18000.0
918,175,10,2024-04-01,3,completed,0.0,24000.0
919,446,9,2024-10-21,2,completed,0.0,20000.0
920,99,11,2025-01-03,1,pending,5.0,4750.0
921,116,16,2024-01-23,2,completed,15.0,5100.0
922,270,10,2025-02-14,1,completed,0.0,8000.0
923,447,17,2024-01-14,2,refunded,0.0,4000.0
924,368,19,2024-06-09,1,completed,0.0,5000.0
925,253,2,2024-01-08,1,completed,10.0,3150.0
926,317,2,2024-02-04,1,pending,20.0,2800.0
927,415,6,2025-02-14,1,completed,20.0,3200.0
928,95,19,2024-06-08,1,completed,5.0,4750.0
929,273,8,2024-07-10,2,completed,0.0,6000.0
930,380,3,2024-04-06,2,cancelled,0.0,5000.0
931,24,14,2024-09-25,2,completed,0.0,24000.0
932,116,16,2024-09-24,1,completed,5.0,2850.0
933,151,1,2024-06-16,2,pending,0.0,10000.0
934,338,3,2024-05-29,1,completed,5.0,2375.0
935,50,18,2025-02-02,2,completed,20.0,6400.0
936,206,9,2024-06-21,2,cancelled,10.0,18000.0
937,498,6,2024-08-10,1,completed,0.0,4000.0
938,335,1,2024-05-07,1,completed,10.0,4500.0
939,79,10,2024-12-20,2,cancelled,15.0,13600.0
940,70,6,2024-06-27,1,pending,15.0,3400.0
941,27,12,2024-08-19,2,refunded,20.0,7200.0
942,271,4,2024-04-24,1,refunded,0.0,8000.0
943,50,13,2025-03-20,2,refunded,10.0,6300.0
944,292,17,2024-05-11,1,completed,5.0,1900.0
945,247,8,2024-12-12,2,cancelled,0.0,6000.0
946,264,20,2024-07-11,2,completed,0.0,4000.0
947,79,3,2024-04-02,1,completed,0.0,2500.0
948,387,12,2024-12-25,2,completed,5.0,8550.0
949,190,7,2024-05-30,2,completed,0.0,24000.0
950,47,12,2025-01-24,2,refunded,0.0,9000.0
951,461,2,2025-02-15,1,completed,0.0,3500.0
952,361,14,2025-01-21,2,refunded,20.0,19200.0
953,354,5,2024-01-16,2,completed,20.0,24000.0
954,472,9,2024-12-20,1,completed,5.0,9500.0
955,488,11,2024-07-04,2,refunded,0.0,10000.0
956,352,5,2025-01-28,1,refunded,,13500.0
957,189,3,2024-10-14,1,refunded,0.0,2500.0
958,416,17,2025-01-10,1,completed,15.0,1700.0
959,256,2,2024-08-12,1,completed,10.0,3150.0
960,222,1,2024-08-28,1,completed,5.0,4750.0
961,372,7,2024-03-05,1,completed,15.0,10200.0
962,241,14,2024-12-18,2,completed,10.0,21600.0
963,269,5,2024-07-07,1,completed,0.0,15000.0
964,1,19,2024-08-13,1,pending,20.0,4000.0
965,34,11,2024-12-19,2,refunded,0.0,10000.0
966,446,2,2024-09-26,1,completed,15.0,2975.0
967,79,8,2024-03-31,1,pending,0.0,3000.0
968,236,9,2024-09-22,1,pending,20.0,8000.0
969,334,3,2024-07-02,2,completed,0.0,5000.0
970,377,2,2024-07-30,1,completed,15.0,2975.0
971,349,7,2024-01-13,2,refunded,5.0,22800.0
972,98,5,2024-04-04,1,completed,0.0,15000.0
973,82,5,2024-05-06,1,cancelled,10.0,13500.0
974,455,20,2024-11-16,2,completed,20.0,3200.0
975,477,13,2024-01-06,2,completed,5.0,6650.0
976,415,20,2024-07-02,2,completed,5.0,3800.0
977,192,6,2025-02-19,1,completed,0.0,4000.0
978,253,20,2024-02-20,1,cancelled,10.0,1800.0
979,409,18,2024-08-20,2,cancelled,0.0,8000.0
980,38,2,2024-12-19,1,refunded,0.0,3500.0
981,14,6,2025-02-28,3,pending,20.0,9600.0
982,392,9,2024-12-02,1,refunded,0.0,10000.0
983,347,3,2024-11-20,1,completed,0.0,2500.0
984,310,1,2025-01-06,1,completed,0.0,5000.0
985,386,1,2024-07-19,3,completed,5.0,14250.0
986,209,19,2024-12-28,1,completed,20.0,4000.0
987,357,5,2024-01-04,2,completed,0.0,30000.0
988,462,13,2025-02-20,1,completed,15.0,2975.0
989,89,19,2024-07-18,2,completed,0.0,10000.0
990,56,12,2024-09-06,2,completed,10.0,8100.0
991,94,16,2024-04-24,2,completed,5.0,5700.0
992,93,19,2024-11-30,1,completed,20.0,4000.0
993,340,3,2024-02-04,2,cancelled,15.0,4250.0
994,85,12,2025-01-27,1,completed,20.0,3600.0
995,445,5,2025-01-07,1,completed,20.0,12000.0
996,245,2,2024-04-07,1,completed,15.0,2975.0
997,22,7,2024-12-30,1,refunded,10.0,10800.0
998,291,13,2024-12-19,3,completed,15.0,8925.0
999,485,15,2024-10-11,1,completed,0.0,6000.0
1000,272,3,2024-06-17,1,completed,20.0,2000.0
1001,306,20,2024-05-02,2,completed,10.0,3600.0
1002,122,5,2024-04-14,2,completed,20.0,24000.0
1003,128,8,2024-05-23,1,completed,15.0,2550.0
1004,113,1,2025-02-10,1,completed,10.0,4500.0
1005,427,8,2024-02-04,2,completed,10.0,5400.0
1006,273,18,2025-01-07,2,cancelled,0.0,8000.0
1007,336,20,2024-06-06,3,cancelled,0.0,6000.0
1008,442,16,2024-08-22,1,completed,0.0,3000.0
1009,130,18,2024-12-23,3,completed,15.0,10200.0
1010,132,20,2025-02-01,1,cancelled,5.0,1900.0
1011,85,12,2024-06-04,3,completed,0.0,13500.0
1012,423,13,2024-07-26,3,pending,15.0,8925.0
1013,482,13,2024-07-05,1,pending,20.0,2800.0
1014,350,10,2024-01-06,1,completed,0.0,8000.0
1015,390,7,2024-05-13,1,refunded,10.0,10800.0
1016,81,14,2024-07-25,3,cancelled,15.0,30600.0
1017,487,16,2024-07-03,2,cancelled,10.0,5400.0
1018,473,15,2024-11-20,1,completed,20.0,4800.0
1019,325,12,2024-06-22,2,pending,10.0,8100.0
1020,69,9,2024-08-08,3,completed,10.0,27000.0
1021,148,8,2024-07-12,1,completed,0.0,3000.0
1022,448,18,2024-11-29,2,completed,5.0,7600.0
1023,16,18,2025-01-23,1,completed,0.0,4000.0
1024,307,13,2024-08-27,3,completed,0.0,10500.0
1025,105,18,2024-12-21,1,pending,0.0,4000.0
1026,165,15,2024-05-13,1,completed,0.0,6000.0
1027,488,4,2024-08-31,2,completed,15.0,13600.0
1028,201,17,2024-06-04,2,completed,15.0,3400.0
1029,197,5,2024-07-05,3,refunded,0.0,45000.0
1030,426,16,2024-11-25,1,completed,5.0,2850.0
1031,185,9,2025-01-31,3,completed,10.0,27000.0
1032,322,10,2024-02-24,1,pending,20.0,6400.0
1033,265,18,2024-10-12,2,completed,0.0,8000.0
1034,363,17,2024-09-18,2,pending,5.0,3800.0
1035,100,18,2024-02-23,1,completed,0.0,4000.0
1036,342,7,2024-04-05,1,completed,0.0,12000.0
1037,320,4,2024-05-19,1,completed,0.0,8000.0
1038,214,5,2024-03-16,2,pending,0.0,30000.0
1039,278,16,2024-04-19,1,completed,15.0,2550.0
1040,162,3,2024-04-30,1,refunded,0.0,2500.0
1041,439,18,2024-05-31,1,completed,0.0,4000.0
1042,157,14,2024-12-03,2,completed,15.0,20400.0
1043,422,15,2024-09-14,1,cancelled,20.0,4800.0
1044,251,17,2025-03-19,1,completed,15.0,1700.0
1045,366,1,2024-07-05,2,completed,10.0,9000.0
1046,97,17,2024-12-05,1,completed,0.0,2000.0
1047,18,11,2025-01-27,2,completed,,9000.0
1048,327,17,2024-11-01,2,completed,0.0,4000.0
1049,449,14,2024-07-04,1,completed,20.0,9600.0
1050,383,20,2024-12-05,1,completed,5.0,1900.0
1051,97,19,2024-04-01,1,completed,20.0,4000.0
1052,1,7,2024-05-27,2,completed,20.0,19200.0
1053,216,13,2024-09-03,1,completed,20.0,2800.0
1054,132,18,2024-09-15,2,pending,10.0,7200.0
1055,260,14,2024-01-10,2,completed,5.0,22800.0
1056,125,1,2025-03-01,3,completed,15.0,12750.0
1057,82,7,2024-11-09,2,completed,0.0,24000.0
1058,283,8,2024-08-11,2,completed,0.0,6000.0
1059,171,18,2025-02-23,3,refunded,5.0,11400.0
1060,59,9,2024-07-16,2,cancelled,0.0,20000.0
1061,32,1,2025-03-17,1,completed,5.0,4750.0
1062,161,17,2024-08-18,2,completed,10.0,3600.0
1063,284,19,2024-02-21,1,completed,0.0,5000.0
1064,106,6,2024-12-10,2,completed,10.0,7200.0
1065,105,3,2024-11-01,1,pending,0.0,2500.0
1066,439,5,2024-12-13,2,pending,0.0,30000.0
1067,228,2,2025-03-04,2,refunded,5.0,6650.0
1068,188,20,2024-12-15,2,completed,0.0,4000.0
1069,70,4,2024-10-02,2,completed,10.0,14400.0
1070,318,10,2025-01-20,1,refunded,10.0,7200.0
1071,464,10,2024-10-29,2,cancelled,5.0,15200.0
1072,290,11,2024-07-02,1,cancelled,0.0,5000.0
1073,87,16,2025-02-02,1,refunded,20.0,2400.0
1074,370,17,2024-04-09,2,completed,15.0,3400.0
1075,362,16,2024-11-17,3,pending,0.0,9000.0
1076,472,7,2025-01-31,1,completed,5.0,11400.0
1077,56,16,2024-11-25,1,completed,10.0,2700.0
1078,113,3,2024-11-09,1,completed,0.0,2500.0
1079,13,16,2024-12-04,1,completed,0.0,3000.0
1080,440,8,2024-07-28,2,completed,15.0,5100.0
1081,18,12,2025-01-28,3,completed,0.0,13500.0
1082,182,3,2024-04-01,1,pending,0.0,2500.0
1083,461,17,2024-02-27,1,completed,0.0,2000.0
1084,113,18,2024-05-08,1,completed,15.0,3400.0
1085,229,11,2024-08-27,2,refunded,5.0,9500.0
1086,171,4,2024-08-17,2,completed,15.0,13600.0
1087,295,16,2025-01-04,2,completed,5.0,5700.0
1088,189,17,2024-07-01,1,completed,20.0,1600.0
1089,426,9,2024-08-05,1,pending,0.0,10000.0
1090,465,6,2024-01-07,3,cancelled,15.0,10200.0
1091,79,20,2024-07-03,2,completed,0.0,4000.0
1092,146,2,2024-10-18,1,cancelled,15.0,2975.0
1093,407,9,2024-01-07,2,completed,0.0,20000.0
1094,182,6,2024-05-06,1,completed,0.0,4000.0
1095,499,3,2024-04-03,1,cancelled,0.0,2500.0
1096,286,20,2024-01-19,1,completed,15.0,1700.0
1097,250,6,2024-08-03,1,completed,15.0,3400.0
1098,354,7,2024-03-22,2,completed,5.0,22800.0
1099,314,1,2024-11-30,1,cancelled,0.0,5000.0
1100,196,1,2025-01-16,1,refunded,5.0,4750.0
1101,323,5,2024-09-02,1,completed,0.0,15000.0
1102,71,6,2025-03-17,1,cancelled,20.0,3200.0
1103,248,13,2024-07-21,1,refunded,0.0,3500.0
1104,146,2,2024-08-19,1,refunded,10.0,3150.0
1105,106,15,2025-03-21,3,cancelled,10.0,16200.0
1106,263,15,2024-04-14,2,pending,0.0,12000.0
1107,296,13,2025-02-28,1,cancelled,0.0,3500.0
1108,70,14,2024-01-20,1,completed,10.0,10800.0
1109,470,7,2024-07-19,1,refunded,0.0,12000.0
1110,193,14,2024-02-01,1,completed,0.0,12000.0
1111,68,10,2024-11-24,1,completed,0.0,8000.0
1112,494,17,2024-09-30,2,completed,0.0,4000.0
1113,305,14,2024-11-13,1,completed,5.0,11400.0
1114,52,8,2024-06-17,2,cancelled,0.0,6000.0
1115,370,4,2024-06-15,1,pending,20.0,6400.0
1116,363,16,2024-01-21,1,completed,0.0,3000.0
1117,285,13,2024-06-06,3,pending,0.0,10500.0
1118,405,20,2025-02-22,1,pending,20.0,1600.0
1119,474,18,2024-06-19,1,pending,5.0,3800.0
1120,334,14,2025-01-09,2,cancelled,5.0,22800.0
1121,9,18,2025-01-14,2,completed,0.0,8000.0
1122,251,5,2024-06-16,1,completed,0.0,15000.0
1123,431,9,2024-10-11,2,refunded,20.0,16000.0
1124,332,3,2024-02-12,1,pending,0.0,2500.0
1125,298,8,2024-02-16,1,refunded,20.0,2400.0
1126,435,20,2024-01-22,1,refunded,5.0,1900.0
1127,184,10,2024-09-18,1,completed,20.0,6400.0
1128,179,19,2024-07-10,1,cancelled,20.0,4000.0
1129,198,3,2024-09-03,1,cancelled,20.0,2000.0
1130,128,11,2024-08-22,3,completed,0.0,15000.0
1131,20,11,2024-06-06,2,refunded,15.0,8500.0
1132,472,17,2024-10-31,1,cancelled,0.0,2000.0
1133,411,16,2024-12-07,1,pending,10.0,2700.0
1134,422,7,2024-01-07,1,completed,20.0,9600.0
1135,328,4,2024-04-03,2,pending,10.0,14400.0
1136,65,19,2024-11-16,3,completed,15.0,12750.0
1137,182,12,2024-06-22,1,cancelled,0.0,4500.0
1138,241,15,2024-10-25,2,cancelled,5.0,11400.0
1139,369,11,2024-06-05,1,completed,10.0,4500.0
1140,24,5,2024-06-24,3,refunded,5.0,42750.0
1141,384,5,2024-03-12,2,completed,10.0,27000.0
1142,431,15,2024-04-26,3,cancelled,5.0,17100.0
1143,455,18,2024-09-29,2,completed,20.0,6400.0
1144,83,11,2024-07-13,1,completed,10.0,4500.0
1145,470,12,2024-12-14,1,completed,5.0,4275.0
1146,319,2,2025-01-18,1,pending,15.0,2975.0
1147,185,20,2024-08-31,1,pending,0.0,2000.0
1148,439,15,2024-12-07,2,pending,5.0,11400.0
1149,316,20,2024-05-18,1,completed,0.0,2000.0
1150,99,4,2024-07-05,2,refunded,0.0,16000.0
1151,62,18,2024-11-16,2,refunded,0.0,8000.0
1152,286,6,2024-06-22,1,pending,20.0,3200.0
1153,477,19,2024-09-21,1,completed,15.0,4250.0
1154,22,11,2024-03-24,1,completed,,5000.0
1155,459,2,2024-09-26,2,refunded,0.0,7000.0
1156,212,8,2025-01-22,2,pending,20.0,4800.0
1157,126,11,2025-01-25,3,completed,0.0,15000.0
1158,413,5,2024-11-21,1,completed,5.0,14250.0
1159,499,18,2024-12-01,3,pending,0.0,12000.0
1160,425,18,2024-09-08,1,completed,5.0,3800.0
1161,42,14,2024-09-20,2,cancelled,5.0,22800.0
1162,98,10,2024-03-01,1,completed,0.0,8000.0
1163,449,3,2024-07-18,2,completed,0.0,5000.0
1164,31,9,2024-07-21,2,completed,0.0,20000.0
1165,158,3,2025-03-07,1,completed,10.0,2250.0
1166,112,11,2024-07-12,1,completed,20.0,4000.0
1167,402,12,2024-09-04,3,refunded,10.0,12150.0
1168,247,12,2024-08-27,2,completed,0.0,9000.0
1169,122,3,2024-10-13,3,completed,5.0,7125.0
1170,273,7,2024-12-02,1,completed,0.0,12000.0
1171,294,14,2024-04-11,1,pending,10.0,10800.0
1172,398,11,2024-08-25,2,pending,0.0,10000.0
1173,471,7,2025-01-06,2,completed,0.0,24000.0
1174,473,10,2024-07-27,3,completed,0.0,24000.0
1175,207,11,2024-05-05,1,cancelled,15.0,4250.0
1176,110,15,2024-10-21,1,completed,0.0,6000.0
1177,440,19,2025-01-05,3,refunded,0.0,15000.0
1178,278,16,2024-01-29,2,completed,15.0,5100.0
1179,451,20,2024-12-15,1,cancelled,,1900.0
1180,56,12,2025-01-04,2,cancelled,5.0,8550.0
1181,375,18,2024-07-26,2,completed,10.0,7200.0
1182,403,13,2025-03-18,1,cancelled,10.0,3150.0
1183,57,5,2024-12-20,1,cancelled,,15000.0
1184,428,4,2024-12-14,2,pending,20.0,12800.0
1185,482,14,2024-12-02,1,completed,0.0,12000.0
1186,291,8,2024-03-08,1,completed,10.0,2700.0
1187,114,9,2024-04-07,2,completed,15.0,17000.0
1188,381,19,2024-07-27,3,pending,10.0,13500.0
1189,385,3,2024-04-28,1,refunded,0.0,2500.0
1190,308,5,2024-07-05,1,refunded,0.0,15000.0
1191,341,18,2025-02-03,1,completed,0.0,4000.0
1192,477,1,2025-01-05,1,cancelled,0.0,5000.0
1193,198,8,2024-10-10,1,cancelled,0.0,3000.0
1194,421,19,2025-01-21,2,completed,0.0,10000.0
1195,321,17,2024-12-18,1,completed,20.0,1600.0
1196,179,17,2024-07-12,2,completed,20.0,3200.0
1197,385,11,2024-03-31,1,completed,0.0,5000.0
1198,219,2,2024-08-19,2,completed,10.0,6300.0
1199,277,6,2024-11-27,1,pending,20.0,3200.0
1200,437,14,2024-07-15,1,refunded,5.0,11400.0
1201,16,3,2024-10-27,1,completed,0.0,2500.0
1202,492,12,2024-02-12,2,refunded,0.0,9000.0
1203,379,4,2024-12-02,3,completed,0.0,24000.0
1204,61,12,2024-12-31,1,refunded,10.0,4050.0
1205,54,13,2024-11-14,2,pending,15.0,5950.0
1206,168,2,2025-03-11,1,cancelled,20.0,2800.0
1207,26,2,2025-01-06,1,cancelled,20.0,2800.0
1208,336,15,2025-02-10,1,refunded,20.0,4800.0
1209,476,17,2025-02-24,1,cancelled,0.0,2000.0
1210,65,7,2024-12-26,1,cancelled,5.0,11400.0
1211,100,14,2024-10-30,1,completed,5.0,11400.0
1212,74,12,2024-01-03,3,completed,20.0,10800.0
1213,192,17,2024-07-28,2,pending,5.0,3800.0
1214,171,14,2024-09-14,1,pending,15.0,10200.0
1215,273,6,2024-05-16,1,cancelled,20.0,3200.0
1216,377,19,2024-05-23,1,completed,0.0,5000.0
1217,187,6,2025-03-08,1,pending,0.0,4000.0
1218,23,18,2025-02-05,2,completed,15.0,6800.0
1219,391,5,2025-01-17,1,completed,0.0,15000.0
1220,428,6,2024-07-01,1,completed,20.0,3200.0
1221,181,2,2024-01-07,1,cancelled,15.0,2975.0
1222,327,8,2024-02-06,2,cancelled,20.0,4800.0
1223,108,15,2024-05-20,1,completed,15.0,5100.0
1224,335,15,2024-01-08,1,refunded,20.0,4800.0
1225,162,11,2024-01-08,2,pending,0.0,10000.0
1226,302,1,2025-02-16,1,refunded,0.0,5000.0
1227,493,18,2024-11-13,3,refunded,15.0,10200.0
1228,452,12,2024-05-19,1,pending,0.0,4500.0
1229,206,12,2024-02-29,3,pending,0.0,13500.0
1230,78,11,2024-08-18,1,cancelled,20.0,4000.0
1231,16,8,2024-01-03,2,pending,10.0,5400.0
1232,327,7,2025-02-26,1,completed,15.0,10200.0
1233,96,2,2024-07-05,3,completed,5.0,9975.0
1234,147,11,2024-06-30,3,completed,0.0,15000.0
1235,2,10,2024-06-24,1,pending,0.0,8000.0
1236,10,3,2024-02-01,2,completed,15.0,4250.0
1237,434,20,2024-10-14,2,completed,0.0,4000.0
1238,125,10,2024-11-25,2,cancelled,0.0,16000.0
1239,81,18,2024-10-31,1,pending,0.0,4000.0
1240,485,14,2024-03-03,2,completed,10.0,21600.0
1241,140,18,2024-09-17,1,completed,10.0,3600.0
1242,326,8,2024-09-13,1,completed,20.0,2400.0
1243,150,10,2025-01-25,2,completed,20.0,12800.0
1244,288,13,2024-06-19,2,pending,5.0,6650.0
1245,361,8,2024-06-16,2,completed,0.0,6000.0
1246,340,4,2024-10-05,1,completed,10.0,7200.0
1247,129,4,2024-10-11,1,completed,15.0,6800.0
1248,438,5,2024-07-30,1,cancelled,0.0,15000.0
1249,239,1,2024-07-18,1,completed,0.0,5000.0
1250,58,17,2024-08-10,1,pending,0.0,2000.0
1251,198,2,2025-01-22,3,completed,20.0,8400.0
1252,211,8,2024-07-26,1,pending,15.0,2550.0
1253,402,7,2025-02-26,2,completed,0.0,24000.0
1254,390,15,2024-08-14,1,cancelled,15.0,5100.0
1255,45,5,2025-03-03,1,pending,0.0,15000.0
1256,97,2,2025-01-09,1,refunded,0.0,3500.0
1257,279,7,2024-06-12,1,completed,5.0,11400.0
1258,23,8,2025-01-23,2,completed,5.0,5700.0
1259,410,7,2024-02-19,1,completed,0.0,12000.0
1260,461,7,2025-02-20,2,cancelled,0.0,24000.0
1261,391,14,2024-10-11,2,cancelled,15.0,20400.0
1262,335,18,2024-01-25,1,refunded,5.0,3800.0
1263,44,6,2024-10-16,1,pending,0.0,4000.0
1264,27,4,2025-03-14,3,completed,15.0,20400.0
1265,282,10,2024-02-01,1,refunded,0.0,8000.0
1266,97,18,2024-09-06,2,completed,0.0,8000.0
1267,463,12,2024-12-02,3,cancelled,0.0,13500.0
1268,36,16,2024-12-30,1,completed,20.0,2400.0
1269,109,7,2024-07-05,3,cancelled,0.0,36000.0
1270,55,6,2024-04-01,1,refunded,15.0,3400.0
1271,192,5,2024-01-20,2,completed,15.0,25500.0
1272,219,3,2024-09-17,2,completed,10.0,4500.0
1273,185,12,2024-07-22,1,completed,10.0,4050.0
1274,69,15,2025-03-02,3,cancelled,15.0,15300.0
1275,317,10,2024-01-28,1,cancelled,15.0,6800.0
1276,130,20,2024-11-04,1,completed,0.0,2000.0
1277,55,19,2024-01-12,2,cancelled,0.0,10000.0
1278,378,16,2024-03-18,1,completed,0.0,3000.0
1279,97,11,2024-07-23,1,cancelled,20.0,4000.0
1280,336,8,2024-07-23,2,pending,5.0,5700.0
1281,87,3,2024-11-04,2,refunded,20.0,4000.0
1282,294,7,2025-02-13,3,completed,0.0,36000.0
1283,119,7,2024-10-14,1,completed,0.0,12000.0
1284,208,14,2025-03-05,3,pending,20.0,28800.0
1285,334,2,2025-01-31,2,pending,0.0,7000.0
1286,413,10,2024-09-20,1,refunded,10.0,7200.0
1287,154,19,2025-01-10,1,completed,20.0,4000.0
1288,35,9,2024-10-16,2,completed,5.0,19000.0
1289,79,16,2024-02-05,1,refunded,0.0,3000.0
1290,67,19,2024-11-29,1,pending,20.0,4000.0
1291,343,18,2024-02-12,2,completed,15.0,6800.0
1292,413,9,2024-09-24,1,refunded,0.0,10000.0
1293,34,16,2024-11-12,3,completed,10.0,8100.0
1294,97,13,2024-01-30,1,pending,0.0,3500.0
1295,169,10,2024-04-13,2,refunded,0.0,16000.0
1296,169,20,2025-02-16,1,completed,0.0,2000.0
1297,151,14,2024-10-04,1,completed,10.0,10800.0
1298,71,12,2024-04-20,1,completed,0.0,4500.0
1299,3,19,2024-11-06,2,completed,0.0,10000.0
1300,314,7,2024-09-25,2,completed,5.0,22800.0
1301,32,15,2024-08-13,2,refunded,0.0,12000.0
1302,287,16,2025-03-15,2,completed,0.0,6000.0
1303,82,8,2024-11-03,2,refunded,10.0,5400.0
1304,43,10,2024-06-17,1,refunded,0.0,8000.0
1305,391,4,2024-12-26,1,refunded,5.0,7600.0
1306,105,19,2025-02-02,3,pending,15.0,12750.0
1307,1,19,2024-02-26,2,cancelled,10.0,9000.0
1308,61,15,2024-03-31,2,completed,15.0,10200.0
1309,270,14,2024-04-07,1,pending,10.0,10800.0
1310,180,1,2024-11-07,3,completed,0.0,15000.0
1311,224,16,2024-09-28,1,completed,5.0,2850.0
1312,6,10,2024-10-05,3,completed,0.0,24000.0
1313,103,19,2025-02-27,1,completed,0.0,5000.0
1314,10,3,2024-12-15,1,cancelled,15.0,2125.0
1315,71,5,2024-02-27,2,refunded,0.0,30000.0
1316,90,9,2024-06-05,1,completed,20.0,8000.0
1317,226,18,2024-07-14,1,completed,0.0,4000.0
1318,158,11,2024-06-27,2,cancelled,0.0,10000.0
1319,228,16,2024-10-28,2,cancelled,15.0,5100.0
1320,405,2,2025-02-05,2,completed,10.0,6300.0
1321,126,12,2024-05-17,2,completed,0.0,9000.0
1322,444,6,2024-09-05,3,refunded,20.0,9600.0
1323,209,11,2024-12-21,1,completed,5.0,4750.0
1324,97,8,2024-07-06,1,completed,0.0,3000.0
1325,74,12,2024-03-16,2,cancelled,5.0,8550.0
1326,115,2,2024-08-01,1,completed,0.0,3500.0
1327,191,9,2024-01-25,1,completed,10.0,9000.0
1328,495,15,2025-02-28,1,refunded,5.0,5700.0
1329,170,2,2024-02-03,2,completed,0.0,7000.0
1330,307,1,2024-07-16,2,refunded,10.0,9000.0
1331,448,10,2024-08-26,2,completed,20.0,12800.0
1332,204,2,2025-03-19,1,completed,10.0,3150.0
1333,56,12,2024-03-15,1,refunded,5.0,4275.0
1334,208,8,2024-02-21,1,completed,5.0,2850.0
1335,41,5,2024-01-04,2,cancelled,0.0,30000.0
1336,32,1,2024-03-11,1,completed,0.0,5000.0
1337,15,15,2024-04-03,1,refunded,10.0,5400.0
1338,62,6,2024-10-10,2,pending,15.0,6800.0
1339,155,12,2024-04-08,3,refunded,15.0,11475.0
1340,284,8,2024-01-10,1,completed,0.0,3000.0
1341,209,13,2025-01-06,1,completed,0.0,3500.0
1342,320,19,2024-06-13,1,completed,0.0,5000.0
1343,494,1,2024-06-08,1,pending,10.0,4500.0
1344,187,11,2024-05-16,2,cancelled,0.0,10000.0
1345,498,20,2025-03-14,3,completed,0.0,6000.0
1346,442,1,2024-03-17,1,completed,5.0,4750.0
1347,130,8,2025-02-08,2,completed,20.0,4800.0
1348,127,5,2024-12-15,1,completed,10.0,13500.0
1349,292,17,2024-02-04,2,completed,0.0,4000.0
1350,114,8,2025-03-20,1,completed,0.0,3000.0
1351,199,10,2024-05-02,1,cancelled,20.0,6400.0
1352,13,2,2024-02-14,1,cancelled,10.0,3150.0
1353,271,9,2025-01-08,2,pending,10.0,18000.0
1354,89,3,2024-11-14,1,completed,15.0,2125.0
1355,215,18,2024-10-04,1,completed,5.0,3800.0
1356,444,7,2024-03-11,1,cancelled,10.0,10800.0
1357,278,15,2024-08-03,1,completed,5.0,5700.0
1358,447,20,2024-12-17,1,completed,0.0,2000.0
1359,474,18,2024-05-16,2,completed,0.0,8000.0
1360,481,3,2024-05-20,1,refunded,20.0,2000.0
1361,203,14,2024-01-02,2,cancelled,20.0,19200.0
1362,74,2,2024-03-19,1,cancelled,0.0,3500.0
1363,25,14,2025-01-28,2,completed,10.0,21600.0
1364,101,11,2024-07-17,2,cancelled,10.0,9000.0
1365,176,16,2025-03-18,1,refunded,0.0,3000.0
1366,427,8,2024-06-27,2,completed,15.0,5100.0
1367,117,7,2024-11-17,2,completed,,20400.0
1368,166,11,2024-05-06,3,pending,15.0,12750.0
1369,41,3,2024-06-12,1,completed,5.0,2375.0
1370,429,17,2024-03-26,3,completed,15.0,5100.0
1371,344,14,2024-06-05,2,pending,0.0,24000.0
1372,424,6,2024-09-03,2,completed,20.0,6400.0
1373,366,8,2025-03-22,1,completed,20.0,2400.0
1374,120,5,2024-10-25,3,completed,5.0,42750.0
1375,97,8,2024-03-30,2,refunded,0.0,6000.0
1376,145,2,2024-01-21,3,completed,0.0,10500.0
1377,216,15,2024-02-26,1,pending,20.0,4800.0
1378,229,12,2024-09-10,1,completed,0.0,4500.0
1379,313,17,2024-12-10,2,completed,20.0,3200.0
1380,130,1,2025-02-27,2,cancelled,0.0,10000.0
1381,352,15,2024-01-08,3,completed,0.0,18000.0
1382,377,14,2024-08-23,2,completed,0.0,24000.0
1383,318,20,2024-07-30,3,completed,0.0,6000.0
1384,472,16,2024-10-22,3,refunded,5.0,8550.0
1385,137,9,2024-09-08,1,cancelled,20.0,8000.0
1386,324,1,2024-11-05,2,cancelled,20.0,8000.0
1387,337,17,2024-10-23,1,completed,20.0,1600.0
1388,273,13,2024-02-22,3,refunded,15.0,8925.0
1389,117,5,2024-12-25,1,cancelled,15.0,12750.0
1390,306,10,2024-02-25,1,completed,,6800.0
1391,368,6,2024-11-10,2,completed,15.0,6800.0
1392,94,19,2024-07-06,2,completed,15.0,8500.0
1393,168,13,2024-08-19,2,pending,0.0,7000.0
1394,442,1,2025-02-10,1,completed,0.0,5000.0
1395,203,20,2025-02-04,1,refunded,5.0,1900.0
1396,341,15,2025-01-03,2,completed,0.0,12000.0
1397,149,14,2024-08-17,1,cancelled,15.0,10200.0
1398,402,8,2024-11-27,1,refunded,0.0,3000.0
1399,183,10,2024-08-18,3,cancelled,20.0,19200.0
1400,413,9,2025-01-26,2,completed,5.0,19000.0
1401,152,17,2024-06-30,1,cancelled,5.0,1900.0
1402,74,9,2025-03-12,3,completed,5.0,28500.0
1403,365,3,2025-02-23,1,pending,0.0,2500.0
1404,401,11,2024-11-29,1,completed,0.0,5000.0
1405,274,12,2024-05-05,1,completed,15.0,3825.0
1406,42,10,2024-02-29,1,completed,5.0,7600.0
1407,496,17,2025-01-19,2,refunded,0.0,4000.0
1408,212,17,2024-03-15,3,completed,20.0,4800.0
1409,101,11,2025-01-19,2,completed,0.0,10000.0
1410,45,4,2024-08-08,1,completed,20.0,6400.0
1411,82,7,2024-07-01,1,completed,0.0,12000.0
1412,17,14,2025-02-10,1,cancelled,0.0,12000.0
1413,73,7,2024-09-28,1,cancelled,0.0,12000.0
1414,14,8,2024-09-16,3,refunded,5.0,8550.0
1415,433,1,2024-09-08,2,pending,0.0,10000.0
1416,157,4,2024-06-16,2,refunded,0.0,16000.0
1417,223,12,2024-12-19,1,completed,5.0,4275.0
1418,132,3,2024-04-23,1,cancelled,20.0,2000.0
1419,338,13,2025-02-26,1,pending,0.0,3500.0
1420,404,20,2025-02-06,2,refunded,10.0,3600.0
1421,376,6,2024-05-31,3,pending,20.0,9600.0
1422,376,11,2024-11-24,2,completed,0.0,10000.0
1423,47,4,2024-09-14,2,completed,15.0,13600.0
1424,107,20,2024-05-31,1,completed,15.0,1700.0
1425,108,16,2025-03-20,1,completed,5.0,2850.0
1426,265,7,2024-01-12,1,cancelled,15.0,10200.0
1427,205,11,2024-04-23,1,pending,20.0,4000.0
1428,79,1,2024-08-22,1,refunded,5.0,4750.0
1429,155,7,2024-08-22,1,completed,20.0,9600.0
1430,271,12,2024-09-22,2,refunded,0.0,9000.0
1431,476,7,2024-12-04,2,cancelled,0.0,24000.0
1432,485,7,2024-10-07,2,pending,0.0,24000.0
1433,247,10,2024-09-27,1,pending,0.0,8000.0
1434,19,16,2024-01-25,1,completed,0.0,3000.0
1435,346,8,2024-06-18,1,completed,15.0,2550.0
1436,436,9,2024-04-14,2,completed,0.0,20000.0
1437,26,9,2024-04-29,1,cancelled,10.0,9000.0
1438,217,2,2024-09-06,2,pending,0.0,7000.0
1439,154,13,2024-03-30,1,completed,15.0,2975.0
1440,154,13,2024-05-12,2,completed,20.0,5600.0
1441,174,4,2024-04-16,1,refunded,20.0,6400.0
1442,92,12,2025-03-02,2,cancelled,0.0,9000.0
1443,433,17,2025-03-01,3,completed,0.0,6000.0
1444,338,2,2024-10-01,1,refunded,15.0,2975.0
1445,480,13,2025-02-20,1,refunded,0.0,3500.0
1446,181,18,2024-12-19,2,completed,20.0,6400.0
1447,131,15,2024-09-22,3,completed,0.0,18000.0
1448,450,8,2024-01-03,3,completed,0.0,9000.0
1449,481,15,2024-12-13,1,completed,15.0,5100.0
1450,298,1,2024-11-12,2,pending,0.0,10000.0
1451,275,20,2024-10-03,1,completed,10.0,1800.0
1452,273,10,2024-12-08,3,completed,5.0,22800.0
1453,492,12,2024-08-18,1,pending,0.0,4500.0
1454,417,5,2024-11-12,2,completed,0.0,30000.0
1455,76,9,2025-02-24,2,pending,0.0,20000.0
1456,177,8,2024-06-18,1,completed,20.0,2400.0
1457,184,16,2024-11-14,2,refunded,15.0,5100.0
1458,319,14,2024-08-02,2,cancelled,0.0,24000.0
1459,131,13,2024-10-30,1,cancelled,20.0,2800.0
1460,363,13,2024-12-09,1,completed,20.0,2800.0
1461,49,5,2024-01-21,1,refunded,10.0,13500.0
1462,55,16,2024-10-17,3,completed,15.0,7650.0
1463,154,11,2024-04-12,1,completed,0.0,5000.0
1464,355,5,2024-10-28,1,pending,15.0,12750.0
1465,200,13,2024-07-29,2,refunded,15.0,5950.0
1466,308,11,2024-12-14,3,completed,0.0,15000.0
1467,356,19,2024-02-25,3,cancelled,5.0,14250.0
1468,373,3,2024-10-08,2,cancelled,20.0,4000.0
1469,118,15,2024-05-05,3,pending,0.0,18000.0
1470,263,7,2025-01-18,1,completed,0.0,12000.0
1471,46,7,2025-02-21,2,completed,20.0,19200.0
1472,302,6,2025-03-24,2,completed,5.0,7600.0
1473,356,3,2024-12-24,1,completed,0.0,2500.0
1474,400,13,2024-12-05,1,completed,5.0,3325.0
1475,408,7,2024-04-06,1,completed,5.0,11400.0
1476,189,5,2024-05-31,1,cancelled,5.0,14250.0
1477,310,18,2024-07-28,2,pending,0.0,8000.0
1478,318,8,2024-12-14,3,refunded,15.0,7650.0
1479,129,17,2025-02-15,1,completed,5.0,1900.0
1480,49,20,2024-03-26,2,pending,15.0,3400.0
1481,25,1,2025-02-19,2,completed,20.0,8000.0
1482,266,14,2024-11-09,1,completed,20.0,9600.0
1483,118,17,2024-10-01,1,completed,0.0,2000.0
1484,464,10,2024-03-30,3,completed,10.0,21600.0
1485,144,12,2024-01-25,2,completed,15.0,7650.0
1486,442,16,2024-09-12,1,refunded,20.0,2400.0
1487,200,14,2024-10-20,2,completed,10.0,21600.0
1488,157,16,2024-04-04,2,completed,5.0,5700.0
1489,487,8,2024-09-07,3,refunded,10.0,8100.0
1490,348,10,2025-01-20,1,cancelled,10.0,7200.0
1491,134,17,2025-01-10,3,completed,5.0,5700.0
1492,400,18,2025-02-21,3,completed,15.0,10200.0
1493,148,20,2024-06-13,2,completed,5.0,3800.0
1494,336,16,2024-05-23,2,pending,0.0,6000.0
1495,71,17,2024-12-03,2,completed,0.0,4000.0
1496,233,16,2024-07-13,1,completed,0.0,3000.0
1497,334,19,2024-02-09,1,completed,5.0,4750.0
1498,299,8,2024-05-07,1,pending,5.0,2850.0
1499,154,6,2024-07-07,2,completed,10.0,7200.0
1500,90,6,2024-05-11,2,pending,0.0,8000.0
1501,334,9,2024-05-29,1,completed,20.0,8000.0
1502,199,4,2024-05-12,2,refunded,20.0,12800.0
1503,161,12,2024-01-19,1,completed,10.0,4050.0
1504,26,12,2024-10-13,1,refunded,15.0,3825.0
1505,121,17,2024-09-25,1,completed,5.0,1900.0
1506,301,15,2024-10-21,2,pending,5.0,11400.0
1507,212,9,2024-03-27,1,pending,10.0,9000.0
1508,63,7,2024-05-13,1,pending,5.0,11400.0
1509,451,10,2024-10-05,2,completed,15.0,13600.0
1510,436,16,2024-09-26,3,pending,0.0,9000.0
1511,68,12,2024-08-15,3,completed,0.0,13500.0
1512,253,7,2024-06-06,1,completed,0.0,12000.0
1513,410,18,2025-02-14,2,pending,0.0,8000.0
1514,459,15,2024-06-01,3,completed,0.0,18000.0
1515,2,6,2024-07-24,1,refunded,5.0,3800.0
1516,398,12,2024-11-01,2,completed,10.0,8100.0
1517,108,11,2024-09-01,1,pending,20.0,4000.0
1518,286,20,2024-06-05,1,completed,0.0,2000.0
1519,49,3,2024-07-15,2,completed,5.0,4750.0
1520,140,2,2024-12-23,2,refunded,0.0,7000.0
1521,218,6,2024-05-05,2,completed,15.0,6800.0
1522,44,5,2024-03-05,2,cancelled,0.0,30000.0
1523,417,18,2024-05-20,2,completed,20.0,6400.0
1524,269,16,2025-01-17,2,completed,0.0,6000.0
1525,78,8,2024-02-10,3,completed,5.0,8550.0
1526,216,20,2025-03-22,1,completed,20.0,1600.0
1527,382,11,2024-08-31,2,completed,0.0,10000.0
1528,98,10,2025-03-19,1,completed,0.0,8000.0
1529,236,12,2025-02-26,1,pending,15.0,3825.0
1530,282,6,2024-07-22,1,refunded,0.0,4000.0
1531,149,20,2024-03-30,1,completed,0.0,2000.0
1532,412,5,2024-03-15,1,cancelled,0.0,15000.0
1533,304,9,2024-04-17,1,cancelled,,10000.0
1534,484,16,2024-11-15,2,completed,0.0,6000.0
1535,424,14,2024-05-02,1,completed,10.0,10800.0
1536,66,8,2024-06-02,1,completed,15.0,2550.0
1537,234,20,2024-07-20,1,completed,15.0,1700.0
1538,457,19,2025-02-14,2,completed,20.0,8000.0
1539,87,14,2024-03-26,1,pending,0.0,12000.0
1540,79,7,2024-01-03,2,cancelled,10.0,21600.0
1541,205,5,2024-01-28,1,completed,20.0,12000.0
1542,279,18,2025-02-11,1,cancelled,0.0,4000.0
1543,337,2,2024-10-18,2,completed,20.0,5600.0
1544,254,11,2024-05-02,1,cancelled,0.0,5000.0
1545,304,8,2024-03-20,1,completed,0.0,3000.0
1546,380,1,2024-05-12,1,cancelled,15.0,4250.0
1547,130,12,2024-02-21,1,cancelled,0.0,4500.0
1548,84,2,2025-02-27,1,completed,0.0,3500.0
1549,276,18,2024-12-18,1,refunded,20.0,3200.0
1550,187,7,2024-07-27,3,completed,0.0,36000.0
1551,46,17,2025-01-24,2,completed,5.0,3800.0
1552,387,14,2024-04-22,1,completed,0.0,12000.0
1553,183,7,2024-11-18,3,completed,20.0,28800.0
1554,268,3,2025-01-20,2,completed,15.0,4250.0
1555,296,6,2024-06-09,1,refunded,20.0,3200.0
1556,322,20,2024-12-06,1,completed,5.0,1900.0
1557,100,2,2024-05-12,2,completed,0.0,7000.0
1558,78,17,2024-05-14,2,completed,0.0,4000.0
1559,272,12,2024-02-18,1,completed,20.0,3600.0
1560,339,12,2024-07-17,2,completed,5.0,8550.0
1561,162,17,2024-11-24,1,completed,20.0,1600.0
1562,44,10,2025-02-27,2,completed,0.0,16000.0
1563,238,3,2024-09-28,1,completed,0.0,2500.0
1564,134,20,2025-01-23,2,cancelled,10.0,3600.0
1565,461,18,2025-01-05,3,cancelled,0.0,12000.0
1566,192,13,2024-03-19,3,refunded,10.0,9450.0
1567,356,12,2024-08-06,2,pending,0.0,9000.0
1568,278,17,2024-02-22,1,refunded,5.0,1900.0
1569,18,4,2024-11-02,1,completed,0.0,8000.0
1570,12,10,2025-03-03,2,completed,5.0,15200.0
1571,180,11,2024-03-02,3,completed,10.0,13500.0
1572,123,6,2024-11-26,3,completed,0.0,12000.0
1573,246,6,2024-10-11,1,cancelled,5.0,3800.0
1574,222,9,2024-09-19,3,completed,10.0,27000.0
1575,373,15,2024-06-24,3,completed,10.0,16200.0
1576,51,2,2024-06-08,1,pending,10.0,3150.0
1577,488,4,2024-01-21,3,completed,0.0,24000.0
1578,71,5,2024-04-08,1,completed,0.0,15000.0
1579,480,17,2024-01-07,1,pending,20.0,1600.0
1580,48,8,2024-09-18,2,completed,0.0,6000.0
1581,19,8,2024-02-17,1,cancelled,0.0,3000.0
1582,262,12,2025-01-27,1,completed,0.0,4500.0
1583,84,8,2024-08-23,1,cancelled,0.0,3000.0
1584,155,19,2024-11-10,2,pending,0.0,10000.0
1585,53,3,2024-07-03,1,completed,5.0,2375.0
1586,107,18,2024-09-09,3,completed,0.0,12000.0
1587,357,19,2025-02-28,1,completed,0.0,5000.0
1588,304,19,2024-02-07,2,cancelled,10.0,9000.0
1589,135,15,2024-04-24,2,pending,5.0,11400.0
1590,443,6,2024-12-16,1,cancelled,0.0,4000.0
1591,69,16,2024-02-14,3,completed,0.0,9000.0
1592,11,8,2024-02-04,1,completed,20.0,2400.0
1593,143,16,2024-06-11,1,completed,20.0,2400.0
1594,192,18,2024-02-11,2,completed,10.0,7200.0
1595,387,20,2024-09-20,1,completed,10.0,1800.0
1596,378,16,2024-04-11,1,cancelled,5.0,2850.0
1597,69,11,2025-02-07,2,completed,20.0,8000.0
1598,23,7,2024-12-18,1,pending,0.0,12000.0
1599,181,17,2024-11-10,1,cancelled,15.0,1700.0
1600,293,17,2024-10-04,2,completed,20.0,3200.0
1601,9,12,2025-01-23,1,completed,20.0,3600.0
1602,271,13,2024-04-10,1,completed,0.0,3500.0
1603,387,10,2025-01-27,1,completed,15.0,6800.0
1604,93,7,2024-12-21,1,completed,10.0,10800.0
1605,454,14,2024-12-02,1,refunded,15.0,10200.0
1606,17,1,2024-09-09,2,completed,20.0,8000.0
1607,154,17,2024-04-20,2,completed,10.0,3600.0
1608,405,4,2024-07-09,1,cancelled,15.0,6800.0
1609,328,5,2024-12-23,3,cancelled,10.0,40500.0
1610,149,20,2024-01-15,2,refunded,10.0,3600.0
1611,377,7,2024-12-17,2,refunded,5.0,22800.0
1612,267,10,2024-04-18,1,completed,0.0,8000.0
1613,422,17,2024-03-05,1,pending,10.0,1800.0
1614,328,7,2024-02-22,1,completed,0.0,12000.0
1615,106,1,2024-01-13,2,cancelled,20.0,8000.0
1616,472,7,2024-08-23,1,refunded,20.0,9600.0
1617,381,11,2024-04-08,1,cancelled,0.0,5000.0
1618,35,9,2025-03-21,1,cancelled,0.0,10000.0
1619,119,12,2024-09-15,1,refunded,10.0,4050.0
1620,14,3,2024-03-03,1,completed,10.0,2250.0
1621,14,4,2024-11-05,1,refunded,10.0,7200.0
1622,266,4,2025-02-07,1,refunded,15.0,6800.0
1623,140,13,2024-12-01,3,pending,10.0,9450.0
1624,294,19,2024-02-04,2,refunded,10.0,9000.0
1625,364,10,2025-02-07,1,completed,0.0,8000.0
1626,119,5,2024-12-23,2,refunded,0.0,30000.0
1627,238,7,2024-03-12,3,cancelled,0.0,36000.0
1628,34,16,2024-01-24,2,completed,,6000.0
1629,169,1,2024-09-07,1,cancelled,0.0,5000.0
1630,10,12,2024-03-11,2,pending,10.0,8100.0
1631,122,2,2025-01-10,3,completed,0.0,10500.0
1632,401,7,2024-06-10,3,refunded,5.0,34200.0
1633,145,11,2025-02-14,1,completed,5.0,4750.0
1634,451,13,2024-09-11,1,completed,5.0,3325.0
1635,446,2,2024-03-23,1,refunded,10.0,3150.0
1636,223,7,2024-03-03,1,completed,10.0,10800.0
1637,371,15,2024-09-16,2,completed,0.0,12000.0
1638,257,11,2024-12-08,1,completed,20.0,4000.0
1639,268,2,2024-12-17,2,pending,0.0,7000.0
1640,359,7,2024-05-04,3,pending,0.0,36000.0
1641,4,4,2024-04-01,1,completed,15.0,6800.0
1642,426,11,2024-01-08,1,cancelled,5.0,4750.0
1643,397,2,2024-11-01,1,completed,10.0,3150.0
1644,354,16,2024-02-04,2,refunded,5.0,5700.0
1645,106,7,2024-07-08,3,completed,0.0,36000.0
1646,85,13,2024-09-27,1,completed,10.0,3150.0
1647,214,5,2025-02-25,1,refunded,0.0,15000.0
1648,121,17,2024-05-20,1,refunded,0.0,2000.0
1649,132,12,2024-04-22,1,refunded,0.0,4500.0
1650,338,19,2024-10-21,2,completed,0.0,10000.0
1651,197,7,2024-10-05,2,completed,20.0,19200.0
1652,19,6,2024-05-29,3,pending,5.0,11400.0
1653,130,8,2025-02-21,1,refunded,0.0,3000.0
1654,12,13,2025-01-15,2,cancelled,10.0,6300.0
1655,81,5,2024-04-10,2,pending,20.0,24000.0
1656,330,2,2024-04-17,3,completed,5.0,9975.0
1657,354,9,2024-08-18,1,completed,0.0,10000.0
1658,262,11,2024-12-14,2,completed,5.0,9500.0
1659,392,6,2024-01-20,2,refunded,0.0,8000.0
1660,125,7,2024-11-08,2,completed,15.0,20400.0
1661,307,7,2024-10-18,1,pending,0.0,12000.0
1662,267,19,2024-04-14,1,pending,20.0,4000.0
1663,447,6,2024-11-02,1,completed,0.0,4000.0
1664,441,11,2025-02-27,1,pending,5.0,4750.0
1665,383,11,2024-01-22,1,cancelled,0.0,5000.0
1666,140,7,2024-05-23,2,pending,10.0,21600.0
1667,329,2,2024-07-16,2,completed,0.0,7000.0
1668,2,19,2025-02-08,1,completed,,4500.0
1669,8,4,2025-03-09,1,pending,0.0,8000.0
1670,250,6,2024-07-18,2,completed,0.0,8000.0
1671,139,17,2024-12-03,1,completed,0.0,2000.0
1672,124,5,2024-08-27,2,pending,10.0,27000.0
1673,309,7,2024-08-30,1,cancelled,0.0,12000.0
1674,228,9,2024-05-05,3,completed,10.0,27000.0
1675,10,1,2024-04-07,1,refunded,5.0,4750.0
1676,469,1,2024-05-09,1,pending,0.0,5000.0
1677,212,19,2024-09-07,1,completed,0.0,5000.0
1678,112,6,2024-01-14,1,completed,5.0,3800.0
1679,8,18,2025-02-12,1,completed,0.0,4000.0
1680,292,10,2024-03-11,1,completed,0.0,8000.0
1681,477,11,2024-04-09,2,completed,20.0,8000.0
1682,362,1,2024-08-21,1,refunded,15.0,4250.0
1683,460,1,2024-11-15,2,cancelled,,8500.0
1684,253,13,2024-02-13,1,completed,15.0,2975.0
1685,14,5,2024-05-22,2,completed,0.0,30000.0
1686,240,20,2025-03-11,2,cancelled,20.0,3200.0
1687,438,1,2024-04-28,3,completed,0.0,15000.0
1688,242,20,2024-05-20,1,refunded,0.0,2000.0
1689,469,3,2025-01-11,2,completed,5.0,4750.0
1690,342,18,2024-01-23,3,refunded,10.0,10800.0
1691,149,9,2024-07-28,2,completed,20.0,16000.0
1692,236,14,2024-06-19,1,refunded,0.0,12000.0
1693,306,17,2024-05-22,1,cancelled,10.0,1800.0
1694,478,14,2024-05-08,2,completed,0.0,24000.0
1695,167,4,2024-02-11,1,completed,0.0,8000.0
1696,20,5,2024-05-21,1,pending,15.0,12750.0
1697,216,17,2024-01-20,1,completed,5.0,1900.0
1698,343,2,2024-12-17,1,cancelled,0.0,3500.0
1699,135,5,2024-06-28,2,pending,5.0,28500.0
1700,393,4,2024-07-18,1,completed,20.0,6400.0
1701,129,4,2025-02-06,2,pending,10.0,14400.0
1702,410,6,2024-10-23,3,completed,0.0,12000.0
1703,422,20,2024-01-04,2,refunded,0.0,4000.0
1704,294,13,2025-02-28,2,completed,0.0,7000.0
1705,246,5,2024-04-16,2,pending,5.0,28500.0
1706,189,7,2024-02-18,2,completed,15.0,20400.0
1707,44,20,2024-12-11,3,refunded,15.0,5100.0
1708,86,1,2024-08-13,1,refunded,5.0,4750.0
1709,44,14,2024-07-14,1,completed,0.0,12000.0
1710,330,4,2024-04-22,2,completed,0.0,16000.0
1711,375,17,2024-09-03,2,completed,0.0,4000.0
1712,446,14,2024-05-03,2,cancelled,10.0,21600.0
1713,378,16,2025-02-09,3,completed,0.0,9000.0
1714,390,14,2024-04-06,1,completed,10.0,10800.0
1715,145,16,2025-02-01,3,completed,0.0,9000.0
1716,51,20,2024-09-08,1,refunded,0.0,2000.0
1717,242,8,2025-01-07,1,completed,5.0,2850.0
1718,294,3,2024-11-16,1,refunded,0.0,2500.0
1719,408,19,2024-11-09,1,completed,0.0,5000.0
1720,51,1,2024-05-25,1,pending,5.0,4750.0
1721,266,2,2024-04-15,2,cancelled,0.0,7000.0
1722,120,15,2024-04-04,2,cancelled,0.0,12000.0
1723,200,10,2025-01-20,3,completed,10.0,21600.0
1724,405,18,2025-01-04,2,refunded,0.0,8000.0
1725,248,14,2024-07-17,3,pending,15.0,30600.0
1726,70,17,2024-02-29,1,completed,5.0,1900.0
1727,341,13,2024-06-21,1,cancelled,0.0,3500.0
1728,57,1,2024-10-05,2,pending,0.0,10000.0
1729,382,5,2024-07-23,1,completed,20.0,12000.0
1730,39,13,2024-12-17,2,completed,20.0,5600.0
1731,472,14,2025-03-24,1,completed,0.0,12000.0
1732,289,3,2024-03-27,1,completed,0.0,2500.0
1733,443,15,2024-07-25,3,refunded,5.0,17100.0
1734,18,19,2024-07-12,1,completed,0.0,5000.0
1735,440,17,2024-05-17,3,completed,10.0,5400.0
1736,220,3,2024-03-30,1,completed,0.0,2500.0
1737,313,16,2024-01-30,2,completed,0.0,6000.0
1738,244,14,2025-02-03,3,pending,10.0,32400.0
1739,352,12,2024-07-07,1,completed,15.0,3825.0
1740,460,12,2024-08-11,1,refunded,20.0,3600.0
1741,304,11,2025-02-16,3,cancelled,5.0,14250.0
1742,298,17,2024-12-15,2,completed,15.0,3400.0
1743,283,8,2024-02-28,2,completed,15.0,5100.0
1744,74,17,2024-09-11,2,cancelled,15.0,3400.0
1745,110,20,2024-07-18,2,completed,20.0,3200.0
1746,180,11,2024-12-24,2,completed,0.0,10000.0
1747,426,2,2024-11-21,2,completed,20.0,5600.0
1748,32,10,2024-11-06,2,completed,15.0,13600.0
1749,234,10,2024-06-02,2,refunded,0.0,16000.0
1750,282,11,2024-12-28,3,completed,10.0,13500.0
1751,25,6,2024-01-24,3,pending,20.0,9600.0
1752,331,4,2024-03-12,2,completed,5.0,15200.0
1753,279,12,2024-05-31,1,completed,15.0,3825.0
1754,226,11,2024-02-04,1,completed,0.0,5000.0
1755,57,13,2024-04-15,1,completed,10.0,3150.0
1756,180,5,2025-01-08,2,completed,0.0,30000.0
1757,232,6,2025-03-02,1,completed,20.0,3200.0
1758,382,1,2024-05-17,3,pending,5.0,14250.0
1759,343,6,2024-04-29,1,completed,0.0,4000.0
1760,477,18,2024-05-05,2,completed,5.0,7600.0
1761,287,9,2024-05-04,3,pending,5.0,28500.0
1762,64,15,2024-01-17,1,cancelled,15.0,5100.0
1763,455,8,2025-02-21,1,completed,15.0,2550.0
1764,232,19,2024-04-06,1,refunded,20.0,4000.0
1765,289,16,2024-07-08,1,cancelled,20.0,2400.0
1766,213,6,2024-01-05,2,completed,0.0,8000.0
1767,258,6,2025-01-21,1,pending,20.0,3200.0
1768,18,3,2024-11-25,1,pending,0.0,2500.0
1769,175,10,2025-03-02,1,completed,15.0,6800.0
1770,417,1,2024-12-17,2,completed,,8500.0
1771,229,14,2024-05-21,1,refunded,0.0,12000.0
1772,226,4,2024-04-21,1,completed,0.0,8000.0
1773,84,12,2024-11-09,2,completed,10.0,8100.0
1774,291,6,2024-06-12,3,completed,15.0,10200.0
1775,435,11,2024-09-11,2,completed,0.0,10000.0
1776,370,12,2024-01-03,2,completed,0.0,9000.0
1777,246,10,2024-01-28,1,completed,0.0,8000.0
1778,402,18,2024-08-28,1,completed,5.0,3800.0
1779,110,7,2024-09-11,1,completed,20.0,9600.0
1780,254,7,2024-12-04,2,pending,20.0,19200.0
1781,88,11,2024-02-29,1,completed,10.0,4500.0
1782,72,4,2024-08-18,2,completed,0.0,16000.0
1783,381,20,2024-03-28,2,pending,5.0,3800.0
1784,30,1,2024-02-11,1,completed,5.0,4750.0
1785,172,13,2024-07-03,2,refunded,0.0,7000.0
1786,309,18,2024-03-14,3,pending,0.0,12000.0
1787,394,9,2024-04-09,2,completed,0.0,20000.0
1788,343,9,2024-05-22,1,completed,10.0,9000.0
1789,436,9,2024-04-26,3,completed,0.0,30000.0
1790,177,10,2024-02-09,3,pending,10.0,21600.0
1791,139,2,2024-02-10,2,completed,0.0,7000.0
1792,194,6,2024-03-27,2,completed,0.0,8000.0
1793,186,15,2024-01-23,1,cancelled,5.0,5700.0
1794,218,3,2024-10-08,1,completed,10.0,2250.0
1795,164,11,2024-05-09,1,cancelled,20.0,4000.0
1796,161,6,2024-05-05,1,completed,0.0,4000.0
1797,431,3,2024-05-29,1,cancelled,20.0,2000.0
1798,13,11,2024-10-25,1,completed,10.0,4500.0
1799,296,15,2025-01-26,1,completed,15.0,5100.0
1800,89,13,2024-12-07,1,completed,10.0,3150.0
1801,324,20,2024-11-23,2,pending,0.0,4000.0
1802,42,10,2024-08-05,1,completed,15.0,6800.0
1803,403,6,2024-11-08,1,completed,15.0,3400.0
1804,210,15,2024-09-05,2,completed,0.0,12000.0
1805,229,18,2024-04-07,1,completed,15.0,3400.0
1806,350,18,2024-04-03,3,completed,0.0,12000.0
1807,275,7,2024-05-13,1,pending,5.0,11400.0
1808,442,15,2025-02-13,1,pending,20.0,4800.0
1809,279,18,2024-09-03,1,completed,0.0,4000.0
1810,251,18,2024-11-26,2,refunded,0.0,8000.0
1811,310,20,2024-06-04,1,cancelled,0.0,2000.0
1812,208,9,2024-07-02,1,pending,0.0,10000.0
1813,321,2,2024-02-26,1,completed,20.0,2800.0
1814,140,8,2024-03-18,2,cancelled,5.0,5700.0
1815,280,20,2025-01-07,2,completed,10.0,3600.0
1816,34,2,2024-09-20,2,completed,0.0,7000.0
1817,309,11,2024-05-31,1,pending,15.0,4250.0
1818,392,7,2024-12-27,1,completed,5.0,11400.0
1819,18,6,2024-04-20,1,completed,0.0,4000.0
1820,57,10,2025-03-15,1,pending,10.0,7200.0
1821,112,5,2024-06-04,3,completed,15.0,38250.0
1822,5,11,2024-05-31,2,refunded,0.0,10000.0
1823,410,1,2024-05-20,1,completed,0.0,5000.0
1824,414,2,2024-02-24,2,pending,20.0,5600.0
1825,182,1,2024-02-20,2,completed,5.0,9500.0
1826,13,19,2024-10-18,1,completed,20.0,4000.0
1827,339,2,2025-01-28,2,completed,0.0,7000.0
1828,285,20,2024-12-21,3,refunded,0.0,6000.0
1829,259,4,2024-03-04,1,completed,15.0,6800.0
1830,90,12,2024-09-02,3,cancelled,15.0,11475.0
1831,104,20,2024-02-17,3,completed,5.0,5700.0
1832,379,18,2024-01-21,1,completed,5.0,3800.0
1833,186,1,2024-10-22,2,completed,20.0,8000.0
1834,250,1,2024-08-28,2,completed,15.0,8500.0
1835,255,14,2024-02-06,1,cancelled,15.0,10200.0
1836,76,4,2024-01-16,1,completed,15.0,6800.0
1837,386,5,2025-03-21,1,pending,0.0,15000.0
1838,459,11,2024-01-14,2,pending,15.0,8500.0
1839,108,13,2024-07-19,1,completed,0.0,3500.0
1840,156,16,2024-08-15,2,pending,15.0,5100.0
1841,82,13,2024-02-22,1,completed,0.0,3500.0
1842,77,2,2024-03-17,2,completed,0.0,7000.0
1843,485,16,2024-06-07,1,refunded,5.0,2850.0
1844,470,6,2024-12-08,3,completed,0.0,12000.0
1845,460,14,2024-08-16,1,completed,0.0,12000.0
1846,258,1,2024-10-14,2,refunded,15.0,8500.0
1847,127,17,2025-03-19,2,completed,0.0,4000.0
1848,485,11,2024-12-11,2,completed,15.0,8500.0
1849,391,19,2024-07-14,2,completed,20.0,8000.0
1850,282,3,2024-07-19,3,completed,0.0,7500.0
1851,474,11,2024-10-05,1,cancelled,5.0,4750.0
1852,88,5,2024-10-26,2,cancelled,0.0,30000.0
1853,204,17,2024-08-13,1,completed,20.0,1600.0
1854,16,7,2024-10-17,1,completed,5.0,11400.0
1855,151,10,2024-01-11,1,cancelled,0.0,8000.0
1856,424,11,2024-07-12,1,completed,15.0,4250.0
1857,254,3,2024-05-05,2,completed,0.0,5000.0
1858,188,20,2024-02-28,1,cancelled,5.0,1900.0
1859,329,10,2024-02-14,2,completed,0.0,16000.0
1860,32,10,2024-09-28,3,completed,0.0,24000.0
1861,271,14,2024-08-23,1,refunded,10.0,10800.0
1862,485,12,2024-04-24,1,refunded,15.0,3825.0
1863,397,15,2024-07-30,3,refunded,15.0,15300.0
1864,5,10,2024-08-09,1,completed,0.0,8000.0
1865,459,10,2024-03-28,1,cancelled,15.0,6800.0
1866,330,19,2024-10-20,2,cancelled,15.0,8500.0
1867,308,1,2024-12-17,1,completed,5.0,4750.0
1868,333,10,2024-12-22,1,completed,20.0,6400.0
1869,169,2,2024-09-28,1,pending,15.0,2975.0
1870,181,17,2024-08-18,1,cancelled,15.0,1700.0
1871,366,7,2024-01-28,1,completed,0.0,12000.0
1872,178,7,2024-05-09,1,completed,20.0,9600.0
1873,143,20,2024-02-11,2,cancelled,0.0,4000.0
1874,362,9,2025-03-09,1,cancelled,0.0,10000.0
1875,248,2,2024-03-01,3,completed,0.0,10500.0
1876,127,14,2024-03-09,2,completed,15.0,20400.0
1877,263,17,2025-02-04,1,completed,15.0,1700.0
1878,40,1,2025-02-28,1,cancelled,0.0,5000.0
1879,412,9,2024-12-10,2,pending,0.0,20000.0
1880,416,20,2024-01-03,1,completed,5.0,1900.0
1881,355,19,2024-01-01,3,completed,15.0,12750.0
1882,255,4,2024-06-19,1,completed,5.0,7600.0
1883,143,8,2024-03-05,1,pending,15.0,2550.0
1884,240,13,2024-01-09,1,completed,5.0,3325.0
1885,228,4,2024-07-27,1,completed,10.0,7200.0
1886,341,9,2025-02-28,2,completed,5.0,19000.0
1887,198,9,2024-05-25,2,cancelled,20.0,16000.0
1888,65,18,2024-10-24,2,completed,0.0,8000.0
1889,388,12,2024-10-20,1,completed,15.0,3825.0
1890,11,10,2024-04-22,1,cancelled,0.0,8000.0
1891,108,11,2024-10-19,3,cancelled,20.0,12000.0
1892,26,7,2024-04-05,2,pending,20.0,19200.0
1893,445,9,2024-02-24,2,completed,5.0,19000.0
1894,421,6,2024-11-11,1,cancelled,0.0,4000.0
1895,151,19,2024-02-21,3,completed,0.0,15000.0
1896,221,16,2025-03-24,2,completed,20.0,4800.0
1897,341,15,2024-03-23,2,completed,,12000.0
1898,496,7,2024-09-24,2,completed,15.0,20400.0
1899,237,16,2024-07-04,2,pending,0.0,6000.0
1900,237,5,2024-02-26,3,completed,10.0,40500.0
1901,497,16,2024-01-13,1,cancelled,5.0,2850.0
1902,219,1,2024-10-07,2,completed,0.0,10000.0
1903,487,19,2024-12-29,2,completed,0.0,10000.0
1904,424,5,2025-01-13,1,completed,5.0,14250.0
1905,461,7,2024-08-05,1,completed,0.0,12000.0
1906,151,19,2024-12-15,1,completed,0.0,5000.0
1907,123,5,2024-10-29,1,cancelled,0.0,15000.0
1908,144,17,2024-11-21,1,completed,0.0,2000.0
1909,478,8,2024-08-09,2,completed,15.0,5100.0
1910,189,1,2024-10-12,1,completed,0.0,5000.0
1911,255,2,2024-12-28,1,completed,0.0,3500.0
1912,68,15,2024-06-28,1,completed,10.0,5400.0
1913,104,20,2024-12-28,1,completed,20.0,1600.0
1914,336,18,2024-09-23,1,completed,0.0,4000.0
1915,159,11,2024-03-15,1,completed,15.0,4250.0
1916,309,10,2024-01-12,1,completed,10.0,7200.0
1917,362,4,2024-06-12,2,refunded,10.0,14400.0
1918,409,5,2024-09-03,1,completed,10.0,13500.0
1919,300,4,2025-01-12,3,completed,5.0,22800.0
1920,396,13,2024-02-27,1,completed,5.0,3325.0
1921,90,13,2024-12-26,1,cancelled,20.0,2800.0
1922,357,18,2025-01-23,2,completed,10.0,7200.0
1923,256,2,2024-03-08,1,completed,20.0,2800.0
1924,496,16,2025-01-18,1,completed,0.0,3000.0
1925,353,1,2025-03-22,2,completed,10.0,9000.0
1926,220,19,2024-11-23,1,pending,0.0,5000.0
1927,9,9,2024-12-19,1,completed,10.0,9000.0
1928,12,3,2025-03-23,1,completed,5.0,2375.0
1929,325,7,2024-09-29,2,pending,5.0,22800.0
1930,438,10,2024-05-18,1,cancelled,0.0,8000.0
1931,244,1,2025-01-11,1,completed,0.0,5000.0
1932,182,10,2024-10-03,2,refunded,0.0,16000.0
1933,284,9,2024-09-18,1,cancelled,0.0,10000.0
1934,312,15,2024-04-24,2,completed,0.0,12000.0
1935,99,15,2024-12-06,1,pending,0.0,6000.0
1936,197,3,2024-02-06,1,cancelled,15.0,2125.0
1937,482,5,2025-02-19,3,completed,5.0,42750.0
1938,366,9,2024-05-26,1,refunded,0.0,10000.0
1939,226,9,2024-02-27,2,completed,0.0,20000.0
1940,333,7,2024-07-18,3,pending,0.0,36000.0
1941,103,12,2024-01-20,3,cancelled,0.0,13500.0
1942,106,9,2024-11-04,2,pending,0.0,20000.0
1943,365,6,2025-02-10,2,pending,0.0,8000.0
1944,368,2,2025-01-11,3,cancelled,20.0,8400.0
1945,58,9,2024-02-27,2,completed,0.0,20000.0
1946,78,17,2024-02-26,3,completed,20.0,4800.0
1947,75,1,2025-01-01,1,completed,5.0,4750.0
1948,42,19,2025-02-19,1,completed,15.0,4250.0
1949,422,6,2024-07-26,2,refunded,0.0,8000.0
1950,324,5,2024-08-12,1,refunded,0.0,15000.0
1951,181,2,2024-05-23,2,refunded,20.0,5600.0
1952,33,9,2025-02-06,1,completed,0.0,10000.0
1953,71,14,2024-10-17,2,pending,20.0,19200.0
1954,56,4,2024-05-09,2,refunded,20.0,12800.0
1955,105,4,2024-05-14,3,cancelled,5.0,22800.0
1956,200,15,2025-02-05,1,completed,10.0,5400.0
1957,101,8,2024-01-07,2,completed,10.0,5400.0
1958,256,4,2024-05-25,1,completed,0.0,8000.0
1959,307,16,2024-09-06,1,cancelled,5.0,2850.0
1960,74,4,2024-03-07,1,completed,5.0,7600.0
1961,171,16,2024-02-11,2,completed,5.0,5700.0
1962,377,12,2025-01-01,3,completed,5.0,12825.0
1963,143,16,2025-02-06,1,cancelled,10.0,2700.0
1964,166,19,2025-01-05,1,completed,0.0,5000.0
1965,399,8,2025-02-08,2,refunded,5.0,5700.0
1966,261,6,2024-09-05,2,pending,0.0,8000.0
1967,221,10,2024-12-31,1,refunded,20.0,6400.0
1968,83,5,2024-06-21,1,completed,20.0,12000.0
1969,182,18,2024-10-26,1,completed,5.0,3800.0
1970,307,10,2025-03-20,1,completed,0.0,8000.0
1971,10,10,2024-04-11,2,refunded,15.0,13600.0
1972,396,7,2024-06-24,1,completed,0.0,12000.0
1973,4,18,2024-08-04,1,completed,20.0,3200.0
1974,351,1,2024-03-03,2,completed,15.0,8500.0
1975,402,7,2024-02-06,1,pending,0.0,12000.0
1976,336,1,2025-01-08,3,pending,5.0,14250.0
1977,488,15,2025-03-15,1,completed,0.0,6000.0
1978,292,4,2024-07-01,3,cancelled,15.0,20400.0
1979,281,20,2024-02-09,1,completed,10.0,1800.0
1980,215,10,2024-01-30,1,completed,0.0,8000.0
1981,460,9,2025-02-05,1,pending,15.0,8500.0
1982,98,2,2024-07-27,3,refunded,15.0,8925.0
1983,420,14,2024-05-24,3,refunded,10.0,32400.0
1984,101,16,2024-08-02,2,refunded,5.0,5700.0
1985,451,1,2024-05-23,1,cancelled,0.0,5000.0
1986,9,2,2024-08-08,1,pending,0.0,3500.0
1987,61,7,2025-01-21,1,completed,20.0,9600.0
1988,309,10,2024-09-23,2,completed,0.0,16000.0
1989,146,20,2024-11-08,1,completed,5.0,1900.0
1990,427,1,2024-06-13,3,completed,10.0,13500.0
1991,419,13,2024-11-28,1,refunded,5.0,3325.0
1992,63,1,2024-10-26,1,completed,5.0,4750.0
1993,121,5,2024-02-23,2,cancelled,0.0,30000.0
1994,226,16,2024-09-14,2,pending,10.0,5400.0
1995,105,15,2024-04-25,1,completed,0.0,6000.0
1996,462,17,2024-12-27,1,cancelled,15.0,1700.0
1997,260,16,2024-07-10,2,pending,0.0,6000.0
1998,349,13,2025-03-23,1,cancelled,10.0,3150.0
1999,425,11,2024-02-11,3,completed,0.0,15000.0
2000,255,17,2024-12-17,2,completed,15.0,3400.0
